shortName,longName,fastaName,gff3Name
Aaoar1,Aaosphaeria arxii CBS 175.79 v1.0,Aaoar1_AssemblyScaffolds.fasta.gz,Aaoar1.filtered_proteins.FilteredModels1.gff3.gz
Aciri1_iso,Acidomyces richmondensis BFW,Aciri1_iso_AssemblyScaffolds.fasta.gz,Aciri1_iso.filtered_proteins.FilteredModels1.gff3.gz
Aciri1_meta,Acidomyces richmondensis BFW,Aciri1_meta_AssemblyScaffolds.fasta.gz,Aciri1_meta.filtered_proteins.FilteredModels1.gff3.gz
Acral2,Acremonium alcalophilum v2.0,Acral2_AssemblyScaffolds.fasta.gz,Acral2.filtered_proteins.FilteredModels3_1.gff3.gz
Agabi_varbisH97_2,Agaricus bisporus var bisporus (H97) v2.0,Abisporus_varbisporusH97.v2_AssembledScaffolds.fasta.gz,Agabi_varbisH97_2.filtered_proteins.FilteredModels3.gff3.gz
Agabi_varbur_1,Agaricus bisporus var. burnettii JB137-S8,Abisporus_varburnettii.v2.unmasked.fasta.gz,Agabi_varbur_1.filtered_proteins.FilteredModels1.gff3.gz
Altbr1,Alternaria brassicicola,Alternaria_brassicicola_unmasked_assembly.fasta.gz,Altbr1.filtered_proteins.External_gene_models.gff3.gz
Amamu1,Amanita muscaria Koide v1.0,Amamu1_AssemblyScaffolds.fasta.gz,Amamu1.filtered_proteins.FilteredModels1.gff3.gz
Amath1,Amanita thiersii Skay4041 v1.0,Amath1_AssemblyScaffolds.fasta.gz,Amath1.filtered_proteins.FilteredModels1.gff3.gz
Amore1,Amorphotheca resinae v1.0,Amore1_AssemblyScaffolds.fasta.gz,Amore1.filtered_proteins.FilteredModels1.gff3.gz
Antav1,Anthostoma avocetta NRRL 3190 v1.0,Antav1_AssemblyScaffolds.fasta.gz,Antav1.filtered_proteins.FilteredModels1.gff3.gz
Antlo1,Antonospora locustae HM-2013,Antlo1_AssemblyScaffolds.fasta.gz,Antlo1.filtered_proteins.ExternalModels.gff3.gz
Antsi1,Antrodia sinuosa v1.0,Antsi1_AssemblyScaffolds.fasta.gz,Antsi1.filtered_proteins.FilteredModels1.gff3.gz
Apimo1,Apiospora montagnei NRRL 25634 v1.0,Apimo1_AssemblyScaffolds.fasta.gz,Apimo1.filtered_proteins.FilteredModels1.gff3.gz
Aplpr1,Aplosporella prunicola CBS 121.167 v1.0,Aplpr1_AssemblyScaffolds.fasta.gz,Aplpr1.filtered_proteins.FilteredModels1.gff3.gz
Artbe1,Arthroderma benhamiae CBS 112371,Artbe1_AssemblyScaffolds.fasta.gz,Artbe1.filtered_proteins.ExternalModels.gff3.gz
Artel1,Artolenzites elegans CIRM1663 v1.0,Artel1_AssemblyScaffolds.fasta.gz,Artel1.filtered_proteins.FilteredModels1.gff3.gz
Artol1,Arthrobotrys oligospora ATCC 24927,Artol1_AssemblyScaffolds.fasta.gz,Artol1.filtered_proteins.ExternalModels.gff3.gz
Ascim1,Ascobolus immersus RN42 v1.0,Ascim1_AssemblyScaffolds.fasta.gz,Ascim1.filtered_proteins.FilteredModels2.gff3.gz
Ascru1,Ascoidea rubescens NRRL Y17699 v1.0,Ascru1_AssemblyScaffolds.fasta.gz,Ascru1.filtered_proteins.FilteredModels1.gff3.gz
Ascsa1,Ascocoryne sarcoides NRRL50072,Ascsa1_AssemblyScaffolds.fasta.gz,Ascsa1.filtered_proteins.ExternalModels.gff3.gz
Ashgo1,Ashbya gossypii ATCC 10895,Ashgo1_AssemblyScaffolds.fasta.gz,Ashgo1.filtered_proteins.AGDModels.gff3.gz
Aspac1,Aspergillus aculeatus ATCC16872 v1.1,Aspac1_scaffolds.fasta.gz,Aspac1.filtered_proteins.FilteredModels6.gff3.gz
Aspbr1,Aspergillus brasiliensis v1.0,Aspbr1_AssemblyScaffolds.fasta.gz,Aspbr1.filtered_proteins.FilteredModels1.gff3.gz
Aspca3,Aspergillus carbonarius ITEM 5010 v3,Aspca3_scaffolds.fasta.gz,Aspca3.filtered_proteins.FilteredModels6.gff3.gz
Aspcam1,Aspergillus campestris IBT 28561 v1.0,Aspcam1_AssemblyScaffolds.fasta.gz,Aspcam1.filtered_proteins.FilteredModels1.gff3.gz
Aspcl1,Aspergillus clavatus NRRL 1 from AspGD,Aspcl1_AssemblyScaffolds.fasta.gz,Aspcl1.filtered_proteins.ExternalModels.gff3.gz
Aspfl1,Aspergillus flavus NRRL3357,Aspfl1_AssemblyScaffolds.fasta.gz,Aspfl1.filtered_proteins.ExternalModels.gff3.gz
Aspfo1,Aspergillus acidus v1.0,Aspfo1_AssemblyScaffolds.fasta.gz,Aspfo1.filtered_proteins.FilteredModels1.gff3.gz
Aspfu1,Aspergillus fumigatus Af293 from AspGD,Aspfu1_AssemblyScaffolds.fasta.gz,Aspfu1.filtered_proteins.ExternalModels.gff3.gz
Aspfu_A1163_1,Aspergillus fumigatus A1163,Aspfu_A1163_1_AssemblyScaffolds.fasta.gz,Aspfu_A1163_1.filtered_proteins.External_Models.gff3.gz
Aspgl1,Aspergillus glaucus v1.0,Aspgl1_AssemblyScaffolds.fasta.gz,Aspgl1.filtered_proteins.FilteredModels1.gff3.gz
Aspka1_1,Aspergillus kawachii IFO 4308,Aspka1_1_AssemblyScaffolds.fasta.gz,Aspka1_1.filtered_proteins.ExternalModels.gff3.gz
Aspni7,Aspergillus niger ATCC 1015 v4.0,Aspni7_AssemblyScaffolds.fasta.gz,Aspni7.filtered_proteins.FilteredModels1.gff3.gz
Aspni_DSM_1,Aspergillus niger CBS 513.88,Aspni_DSM_1_AssemblyScaffolds.fasta.gz,Aspni_DSM_1.filtered_proteins.ExternalModels.gff3.gz
Aspni_NRRL3_1,Aspergillus niger NRRL3,Aspni_NRRL3_1_AssemblyScaffolds.fasta.gz,Aspni_NRRL3_1.filtered_proteins.ExternalModels.gff3.gz
Aspni_bvT_1,Aspergillus niger van Tieghem ATCC 13496 v1.0,Aspni_bvT_1_AssemblyScaffolds.fasta.gz,Aspni_bvT_1.filtered_proteins.FilteredModels1.gff3.gz
Aspnid1,Aspergillus nidulans from AspGD,Aspnid1_AssemblyScaffolds.fasta.gz,Aspnid1.filtered_proteins.AspGD_genes.gff3.gz
Aspnov1,Aspergillus novofumigatus IBT 16806 v1.0,Aspnov1_AssemblyScaffolds.fasta.gz,Aspnov1.filtered_proteins.FilteredModels1.gff3.gz
Aspoch1,Aspergillus ochraceoroseus IBT 24754 v1.0,Aspoch1_AssemblyScaffolds.fasta.gz,Aspoch1.filtered_proteins.FilteredModels1.gff3.gz
Aspor1,Aspergillus oryzae RIB40,Aspor1_AssemblyScaffolds.fasta.gz,Aspor1.filtered_proteins.ExternalModels.gff3.gz
Aspph1,Aspergillus phoenicis (Corda) Thom ATCC 13157 v1.0,Aspph1_AssemblyScaffolds.fasta.gz,Aspph1.filtered_proteins.FilteredModels1.gff3.gz
Aspste1,Aspergillus steynii IBT 23096 v1.0,Aspste1_AssemblyScaffolds.fasta.gz,Aspste1.filtered_proteins.FilteredModels1.gff3.gz
Aspsy1,Aspergillus sydowii v1.0,Aspsy1_AssemblyScaffolds.fasta.gz,Aspsy1.filtered_proteins.FilteredModels1.gff3.gz
Aspte1,Aspergillus terreus NIH 2624,Aspte1_AssemblyScaffolds.fasta.gz,Aspte1.filtered_proteins.ExternalModels.gff3.gz
Asptu1,Aspergillus tubingensis v1.0,Asptu1_AssemblyScaffolds.fasta.gz,Asptu1.filtered_proteins.FilteredModels1.gff3.gz
Aspve1,Aspergillus versicolor v1.0,Aspve1_AssemblyScaffolds.fasta.gz,Aspve1.filtered_proteins.FilteredModels1.gff3.gz
Aspwe1,Aspergillus wentii v1.0,Aspwe1_AssemblyScaffolds.fasta.gz,Aspwe1.filtered_proteins.FilteredModels1.gff3.gz
Aspzo1,Aspergillus zonatus v1.0,Aspzo1_AssemblyScaffolds.fasta.gz,Aspzo1.filtered_proteins.GeneCatalog_2013_12_03_15_38.gff3.gz
Atrsp2,Atractiellales sp. v2.0,Atrsp2_AssemblyScaffolds.fasta.gz,Atrsp2.filtered_proteins.FilteredModels1.gff3.gz
Aulhe2,Aulographum hederae v2.0,Aulhe2_AssemblyScaffolds.fasta.gz,Aulhe2.filtered_proteins.FilteredModels1.gff3.gz
Aurde3_1,Auricularia subglabra v2.0,Aurde3_1_AssemblyScaffolds.fasta.gz,Aurde3_1.filtered_proteins.FilteredModels1.gff3.gz
Aurpu_var_mel1,Aureobasidium pullulans var. melanogenum CBS 110374,Aurpu_var_mel1_AssemblyScaffolds.fasta.gz,Aurpu_var_mel1.filtered_proteins.FilteredModels1.gff3.gz
Aurpu_var_nam1,Aureobasidium pullulans var. namibiae CBS 147.97,Aurpu_var_nam1_AssemblyScaffolds.fasta.gz,Aurpu_var_nam1.filtered_proteins.FilteredModels1.gff3.gz
Aurpu_var_pul1,Aureobasidium pullulans var. pullulans EXF-150,Aurpu_var_pul1_AssemblyScaffolds.fasta.gz,Aurpu_var_pul1.filtered_proteins.FilteredModels1.gff3.gz
Aurpu_var_sub1,Aureobasidium pullulans var. subglaciale EXF-2481,Aurpu_var_sub1_AssemblyScaffolds.fasta.gz,Aurpu_var_sub1.filtered_proteins.FilteredModels1.gff3.gz
Babin1,Babjeviella inositovora NRRL Y-12698 v1.0,Babin1_AssemblyScaffolds.fasta.gz,Babin1.filtered_proteins.FilteredModels2.gff3.gz
Bacci1,Backusella circina FSU 941 v1.0,Bacci1_AssemblyScaffolds.fasta.gz,Bacci1.filtered_proteins.FilteredModels1.gff3.gz
Batde5,Batrachochytrium dendrobatidis JAM81 v1.0,Batde5_scaffolds.fasta.gz,Batde5.filtered_proteins.FilteredModels2.gff3.gz
Bauco1,Baudoinia compniacensis UAMH 10762 (4089826) v1.0,Bauco1_AssemblyScaffolds.fasta.gz,Bauco1.filtered_proteins.FilteredModels1.gff3.gz
Beaba1,Beauveria bassiana ARSEF 2860,Beaba1_AssemblyScaffolds.fasta.gz,Beaba1.filtered_proteins.ExternalModels.gff3.gz
Bjead1_1,Bjerkandera adusta v1.0,Bjead1_1_AssemblyScaffolds.fasta.gz,Bjead1_1.filtered_proteins.FilteredModels2.gff3.gz
Blugr1,Blumeria graminis f.sp. hordei DH14,Blugr1_AssemblyScaffolds.fasta.gz,Blugr1.filtered_proteins.BluGenModels.gff3.gz
Boled1,Boletus edulis v1.0,Boled1_AssemblyScaffolds.fasta.gz,Boled1.filtered_proteins.FilteredModels1.gff3.gz
Botbo1,Botryobasidium botryosum v1.0,Botbo1_AssemblyScaffolds.fasta.gz,Botbo1.filtered_proteins.FilteredModels1.gff3.gz
Botci1,Botrytis cinerea v1.0,Botci1_AssemblyScaffolds.fasta.gz,Botci1.filtered_proteins.ExternalModels.gff3.gz
Bysci1,Byssothecium circinans CBS 675.92 v1.0,Bysci1_AssemblyScaffolds.fasta.gz,Bysci1.filtered_proteins.FilteredModels1.gff3.gz
Cadsp1,Cadophora sp. DSE1049 v1.0,Cadsp1_AssemblyScaffolds.fasta.gz,Cadsp1.filtered_proteins.FilteredModels1.gff3.gz
Canar1,Candida arabinofermentans NRRL YB-2248 v1.0,Canar1_AssemblyScaffolds.fasta.gz,Canar1.filtered_proteins.FilteredModels1.gff3.gz
Canca1,Candida caseinolytica Y-17796 v1.0,Canca1_AssemblyScaffolds.fasta.gz,Canca1.filtered_proteins.FilteredModels1.gff3.gz
Canta1,Candida tanzawaensis NRRL Y-17324 v1.0,Canta1_AssemblyScaffolds.fasta.gz,Canta1.filtered_proteins.FilteredModels1.gff3.gz
Cante1,Candida tenuis NRRL Y-1498 v1.0,Cante1_genomic_scaffolds.fasta.gz,Cante1.filtered_proteins.FilteredModels3.gff3.gz
Catan1,Catenaria anguillulae PL171 v1.0,Catan1_AssemblyScaffolds.fasta.gz,Catan1.filtered_proteins.FilteredModels1.gff3.gz
Cenge3,Cenococcum geophilum 1.58 v2.0,Cenge3_AssemblyScaffolds.fasta.gz,Cenge3.filtered_proteins.FilteredModels1.gff3.gz
Cersu1,Ceriporiopsis (Gelatoporia) subvermispora B,Ceriporiopsis_subvermispora.unmasked.fasta.gz,Cersu1.filtered_proteins.FilteredModels1.gff3.gz
Cerun2,Cerrena unicolor v1.1,Cerun2_AssemblyScaffolds.fasta.gz,Cerun2.filtered_proteins.FilteredModels1.gff3.gz
Cerzm1,Cercospora zeae-maydis v1.0,Cerzm1_AssemblyScaffolds.fasta.gz,Cerzm1.filtered_proteins.FilteredModels1.gff3.gz
Chagl_1,Chaetomium globosum v1.0,Chagl_1_assembly_scaffolds.fasta.gz,Chagl_1.filtered_proteins.Chagl_1_BroadGeneModels.gff3.gz
Chalo1,Chalara longipes BDJ v1.0,Chalo1_AssemblyScaffolds.fasta.gz,Chalo1.filtered_proteins.FilteredModels1.gff3.gz
Chove1,Choiromyces venosus 120613-1 v1.0,Chove1_AssemblyScaffolds.fasta.gz,Chove1.filtered_proteins.FilteredModels1.gff3.gz
Clafu1,Cladosporium fulvum v1.0,Clafu1_AssemblyScaffolds.fasta.gz,Clafu1.filtered_proteins.ExternalModels.gff3.gz
Clagr3,Cladonia grayi Cgr/DA2myc/ss v2.0,Clagr3_AssemblyScaffolds.fasta.gz,Clagr3.filtered_proteins.Maker.gff3.gz
Clapy1,Clavicorona pyxidata HHB10654 v1.0,Clapy1_AssemblyScaffolds.fasta.gz,Clapy1.filtered_proteins.FilteredModels1.gff3.gz
Cocca1,Cochliobolus carbonum 26-R-13 v1.0,Cocca1_AssemblyScaffolds.fasta.gz,Cocca1.filtered_proteins.FilteredModels1.gff3.gz
CocheC4_1,Cochliobolus heterostrophus C4 v1.0,CocheC4_1_AssemblyScaffolds.fasta.gz,CocheC4_1.filtered_proteins.FilteredModels1.gff3.gz
Cocim1,Coccidioides immitis RS ,Cocim1_AssemblyScaffolds.fasta.gz,Cocim1.filtered_proteins.BroadModels.gff3.gz
Coclu2,Cochliobolus lunatus m118 v2.0,Coclu2_AssemblyScaffolds.fasta.gz,Coclu2.filtered_proteins.FilteredModels1.gff3.gz
Cocmi1,Cochliobolus miyabeanus ATCC 44560 v1.0,Cocmi1_AssemblyScaffolds.fasta.gz,Cocmi1.filtered_proteins.FilteredModels1.gff3.gz
Cocsa1,Cochliobolus sativus ND90Pr v1.0,Cocsa1_AssemblyScaffolds.fasta.gz,Cocsa1.filtered_proteins.FilteredModels1.gff3.gz
Cocvi1,Cochliobolus victoriae FI3 v1.0,Cocvi1_AssemblyScaffolds.fasta.gz,Cocvi1.filtered_proteins.FilteredModels1.gff3.gz
Coere1,Coemansia reversa NRRL 1564 v1.0,Coere1_AssemblyScaffolds.fasta.gz,Coere1.filtered_proteins.FilteredModels1.gff3.gz
Colgr1,Colletotrichum graminicola M1.001,Colgr1_AssemblyScaffolds.fasta.gz,Colgr1.filtered_proteins.ExternalModels.gff3.gz
Colhi1,Colletotrichum higginsianum IMI 349063,Colhi1_AssemblyScaffolds.fasta.gz,Colhi1.filtered_proteins.BroadModels.gff3.gz
Conco1,Conidiobolus coronatus NRRL28638 v1.0,Conco1_AssemblyScaffolds.fasta.gz,Conco1.filtered_proteins.FilteredModels1.gff3.gz
Conli1,Coniochaeta ligniaria CBS 111746,Conli1_AssemblyScaffolds.fasta.gz,Conli1.filtered_proteins.ExternalModels.gff3.gz
Conlig1,Coniochaeta ligniaria NRRL 30616 v1.0,Conlig1_AssemblyScaffolds.fasta.gz,Conlig1.filtered_proteins.FilteredModels1.gff3.gz
Conpu1,Coniophora puteana v1.0,Conpu1_AssemblyScaffolds.fasta.gz,Conpu1.filtered_proteins.FilteredModels1.gff3.gz
Copci1,Coprinopsis cinerea,Coprinopsis_cinerea.unmasked.fasta.gz,Copci1.filtered_proteins.BroadModels1.gff3.gz
Copci_AmutBmut1,Coprinopsis cinerea AmutBmut pab1-1 v1.0,Copci_AmutBmut1_AssemblyScaffolds.fasta.gz,Copci_AmutBmut1.filtered_proteins.FilteredModels1.gff3.gz
Corca1,Corynespora cassiicola CCP v1.0,Corca1_AssemblyScaffolds.fasta.gz,Corca1.filtered_proteins.FilteredModels1.gff3.gz
Corgl3,Cortinarius glaucopus AT 2004 276 v2.0,Corgl3_AssemblyScaffolds.fasta.gz,Corgl3.filtered_proteins.FilteredModels7.gff3.gz
Cormi1,Cordyceps militaris CM01,Cormi1_AssemblyScaffolds.fasta.gz,Cormi1.filtered_proteins.ExternalModels.gff3.gz
Croqu1,Cronartium quercuum f. sp. fusiforme G11 v1.0,Croqu1_AssemblyScaffolds.fasta.gz,Croqu1.filtered_proteins.FilteredModels1.gff3.gz
Cryne_H99_1,Cryptococcus neoformans var. grubii H99,Cryptococcus_neoformans_H99.unmasked.fasta.gz,Cryne_H99_1.filtered_proteins.BroadModels1.gff3.gz
Cryne_JEC21_1,Cryptococcus neoformans var neoformans JEC21,Cryne_JEC21_1_AssemblyScaffolds.fasta.gz,Cryne_JEC21_1.filtered_proteins.ExternalModels.gff3.gz
Cryvi1,Cryptococcus vishniacii v1.0,Cryvi1_AssemblyScaffolds.fasta.gz,Cryvi1.filtered_proteins.FilteredModels1.gff3.gz
Cucbe1,Cucurbitaria berberidis CBS 394.84 v1.0,Cucbe1_AssemblyScaffolds.fasta.gz,Cucbe1.filtered_proteins.FilteredModels1.gff3.gz
Cybja1,Cyberlindnera jadinii NRRL Y-1542 v1.0,Cybja1_AssemblyScaffolds.fasta.gz,Cybja1.filtered_proteins.FilteredModels1.gff3.gz
Cylto1,Cylindrobasidium torrendii v1.0,Cylto1_AssemblyScaffolds.fasta.gz,Cylto1.filtered_proteins.FilteredModels1.gff3.gz
Dacsp1,Dacryopinax sp. DJM 731 SSP1 v1.0,Dacsp1_AssemblyScaffolds.fasta.gz,Dacsp1.filtered_proteins.FilteredModels1.gff3.gz
Daequ1,Daedalea quercina v1.0,Daequ1_AssemblyScaffolds.fasta.gz,Daequ1.filtered_proteins.FilteredModels1.gff3.gz
DalEC12_1,Daldinia eschscholzii EC12 v1.0,DalEC12_1_AssemblyScaffolds.fasta.gz,DalEC12_1.filtered_proteins.FilteredModels1.gff3.gz
Debha1,Debaryomyces hansenii,Debha1_AssemblyScaffolds.fasta.gz,Debha1.filtered_proteins.ExternalModels.gff3.gz
Dekbr2,Dekkera bruxellensis CBS 2499 v2.0,Dekbr2_AssemblyScaffolds.fasta.gz,Dekbr2.filtered_proteins.FilteredModels1.gff3.gz
Delco1,Delitschia confertaspora ATCC 74209 v1.0,Delco1_AssemblyScaffolds.fasta.gz,Delco1.filtered_proteins.FilteredModels1.gff3.gz
Denbi1,Dendrothele bispora CBS 962.96 v1.0,Denbi1_AssemblyScaffolds.fasta.gz,Denbi1.filtered_proteins.FilteredModels1.gff3.gz
Dicsq1,Dichomitus squalens v1.0,Dicsq1_AssemblyScaffolds.fasta.gz,Dicsq1.filtered_proteins.FilteredModels1.gff3.gz
Didex1,Didymella exigua CBS 183.55 v1.0,Didex1_AssemblyScaffolds.fasta.gz,Didex1.filtered_proteins.FilteredModels1.gff3.gz
Diocr1,Dioszegia cryoxerica v1.0,Diocr1_AssemblyScaffolds.fasta.gz,Diocr1.filtered_proteins.FilteredModels2.gff3.gz
Disac1,Dissoconium aciculare v1.0,Disac1_AssemblyScaffolds.fasta.gz,Disac1.filtered_proteins.FilteredModels2.gff3.gz
Dotse1,Dothistroma septosporum NZE10 v1.0,Dotse1_AssemblyScaffolds.fasta.gz,Dotse1.filtered_proteins.FilteredModels1.gff3.gz
Enccu1,Encephalitozoon cuniculi GB-M1,Enccu1_AssemblyScaffolds.fasta.gz,Enccu1.filtered_proteins.GenoscopeModels.gff3.gz
Enche1,Encephalitozoon hellem ATCC 50504,Enche1_AssemblyScaffolds.fasta.gz,Enche1.filtered_proteins.ExternalModels.gff3.gz
Encin1,Encephalitozoon intestinalis ATCC 50506,Encin1_AssemblyScaffolds.fasta.gz,Encin1.filtered_proteins.ExternalModels.gff3.gz
Encro1,Encephalitozoon romaleae SJ-2008,Encro1_AssemblyScaffolds.fasta.gz,Encro1.filtered_proteins.ExternalModels.gff3.gz
Entbi1,Enterocytozoon bieneusi H348,Entbi1_AssemblyScaffolds.fasta.gz,Entbi1.filtered_proteins.ExternalModels.gff3.gz
Eurhe1,Eurotium rubrum v1.0,Eurhe1_AssemblyScaffolds.fasta.gz,Eurhe1.filtered_proteins.FilteredModels1.gff3.gz
Eutla1,Eutypa lata UCREL1,Eutla1_AssemblyScaffolds.fasta.gz,Eutla1.filtered_proteins.ExternalModels.gff3.gz
Exova1,Exobasidium vaccinii MPITM v1.0,Exova1_AssemblyScaffolds.fasta.gz,Exova1.filtered_proteins.FilteredModels1.gff3.gz
Fibra1,Fibroporia radiculosa TFFH 294,Fibra1_AssemblyScaffolds.fasta.gz,Fibra1.filtered_proteins.ExternalModels.gff3.gz
Fibsp1,Fibulorhizoctonia sp. CBS 109695 v1.0,Fibsp1_AssemblyScaffolds.fasta.gz,Fibsp1.filtered_proteins.FilteredModels1.gff3.gz
Fishe1,Fistulina hepatica v1.0,Fishe1_AssemblyScaffolds.fasta.gz,Fishe1.filtered_proteins.FilteredModels1.gff3.gz
Fomme1,Fomitiporia mediterranea v1.0,Fomme1_AssemblyScaffolds.fasta.gz,Fomme1.filtered_proteins.FilteredModels1.gff3.gz
Fompi3,Fomitopsis pinicola FP-58527 SS1 v3.0,Fompi3_AssemblyScaffolds.fasta.gz,Fompi3.filtered_proteins.FilteredModels2.gff3.gz
Fusfu1,Fusarium fujikuroi IMI 58289,Fusfu1_AssemblyScaffolds.fasta.gz,Fusfu1.filtered_proteins.ExternalModels.gff3.gz
Fusgr1,Fusarium graminearum v1.0,Fusgr1_AssemblyScaffolds.fasta.gz,Fusgr1.filtered_proteins.ExternalModels.gff3.gz
Fusox1,Fusarium oxysporum v1.0,Fusox1_AssemblyScaffolds.fasta.gz,Fusox1.filtered_proteins.ExternalModels.gff3.gz
Fusve1,Fusarium verticillioides 7600,Fusve1_AssemblyScaffolds.fasta.gz,Fusve1.filtered_proteins.BroadModels.gff3.gz
Galma1,Galerina marginata v1.0,Galma1_AssemblyScaffolds.fasta.gz,Galma1.filtered_proteins.FilteredModels2.gff3.gz
Ganpr1,Gonapodya prolifera v1.0,Ganpr1_AssemblyScaffolds.fasta.gz,Ganpr1.filtered_proteins.FilteredModels3.gff3.gz
Gansp1,Ganoderma sp. 10597 SS1 v1.0,Gansp1_AssemblyScaffolds.fasta.gz,Gansp1.filtered_proteins.FilteredModels1.gff3.gz
Glalo1,Glarea lozoyensis ATCC 20868,Glalo1_AssemblyScaffolds.fasta.gz,Glalo1.filtered_proteins.ExternalModels.gff3.gz
Gloac1,Glomerella acutata (Colletotrichum fiorinae MH 18) v1.0,Gloac1_AssemblyScaffolds.fasta.gz,Gloac1.filtered_proteins.FilteredModels2.gff3.gz
Gloci1,Glomerella cingulata 23 (Colletotrichum gloeosporoides 23) v1.0,Gloci1_AssemblyScaffolds.fasta.gz,Gloci1.filtered_proteins.FilteredModels1.gff3.gz
Gloin1,Rhizophagus irregularis DAOM 181602 v1.0,Gloin1_AssemblyScaffolds.fasta.gz,Gloin1.filtered_proteins.FilteredModels1.gff3.gz
Glost2,Glonium stellatum CBS 207.34 v1.0,Glost2_AssemblyScaffolds.fasta.gz,Glost2.filtered_proteins.FilteredModels1.gff3.gz
Glotr1_1,Gloeophyllum trabeum v1.0,Glotr1_1_AssemblyScaffolds.fasta.gz,Glotr1_1.filtered_proteins.FilteredModels1.gff3.gz
Grocl1,Grosmannia clavigera kw1407,Grocl1_AssemblyScaffolds.fasta.gz,Grocl1.filtered_proteins.ExternalModels.gff3.gz
Gymau1,Gymnascella aurantiaca v1.0,Gymau1_AssemblyScaffolds.fasta.gz,Gymau1.filtered_proteins.FilteredModels2.gff3.gz
Gymch1,Gymnopilus chrysopellus PR-1187 v1.0,Gymch1_AssemblyScaffolds.fasta.gz,Gymch1.filtered_proteins.FilteredModels1.gff3.gz
Gymci1_1,Gymnascella citrina v1.1,Gymci1_1_AssemblyScaffolds.fasta.gz,Gymci1_1.filtered_proteins.FilteredModels1.gff3.gz
Gymlu1,Gymnopus luxurians v1.0,Gymlu1_AssemblyScaffolds.fasta.gz,Gymlu1.filtered_proteins.FilteredModels1.gff3.gz
Gyrli1,Gyrodon lividus BX v1.0,Gyrli1_AssemblyScaffolds.fasta.gz,Gyrli1.filtered_proteins.FilteredModels1.gff3.gz
Hanpo2,Hansenula polymorpha NCYC 495 leu1.1 v2.0,Hanpo2_AssemblyScaffolds.fasta.gz,Hanpo2.filtered_proteins.FilteredModels2.gff3.gz
Hanva1_1,Hanseniaspora valbyensis NRRL Y-1626 v1.1,Hanva1_1_AssemblyScaffolds.fasta.gz,Hanva1_1.filtered_proteins.FilteredModels1.gff3.gz
Hebcy2,Hebeloma cylindrosporum h7 v2.0,Hebcy2_AssemblyScaffolds.fasta.gz,Hebcy2.filtered_proteins.FilteredModels1.gff3.gz
Hetan2,Heterobasidion annosum v2.0,Heterobasidion_annosum.AssembledScaffolds.fasta.gz,Hetan2.filtered_proteins.FrozenGeneCatalog_20120113.gff3.gz
Hisca1,Histoplasma capsulatum NAm1,Hisca1_AssemblyScaffolds.fasta.gz,Hisca1.filtered_proteins.BroadModels.gff3.gz
Hydpi2,Hydnomerulius pinastri v2.0,Hydpi2_AssemblyScaffolds.fasta.gz,Hydpi2.filtered_proteins.FilteredModels1.gff3.gz
HypCI4A_1,Hypoxylon sp. CI-4A v1.0,HypCI4A_1_AssemblyScaffolds.fasta.gz,HypCI4A_1.filtered_proteins.FilteredModels1.gff3.gz
HypCO275_1,Hypoxylon sp. CO27-5 v1.0,HypCO275_1_AssemblyScaffolds.fasta.gz,HypCO275_1.filtered_proteins.FilteredModels1.gff3.gz
HypEC38_1,Hypoxylon sp. EC38 v1.0,HypEC38_1_AssemblyScaffolds.fasta.gz,HypEC38_1.filtered_proteins.FilteredModels1.gff3.gz
Hypbu1,Hyphopichia burtonii NRRL Y-1933 v1.0,Hypbu1_AssemblyScaffolds.fasta.gz,Hypbu1.filtered_proteins.FilteredModels1.gff3.gz
Hypsu1,Hypholoma sublateritium v1.0,Hypsu1_AssemblyScaffolds.fasta.gz,Hypsu1.filtered_proteins.FilteredModels1.gff3.gz
Ilysp1,Ilyonectria sp. v1.0,Ilysp1_AssemblyScaffolds.fasta.gz,Ilysp1.filtered_proteins.FilteredModels2.gff3.gz
Jaaar1,Jaapia argillacea v1.0,Jaaar1_AssemblyScaffolds.fasta.gz,Jaaar1.filtered_proteins.FilteredModels1.gff3.gz
Klula1,Kluyveromyces lactis,Klula1_AssemblyScaffolds.fasta.gz,Klula1.filtered_proteins.ExternalModels.gff3.gz
Lacam1,Laccaria amethystina LaAM-08-1 v1.0,Lacam1_AssemblyScaffolds.fasta.gz,Lacam1.filtered_proteins.FilteredModels1.gff3.gz
Lacbi2,Laccaria bicolor v2.0,Lacbi2_AssemblyScaffolds.fasta.gz,Lacbi2.filtered_proteins.FilteredModels1.gff3.gz
Laesu1,Laetiporus sulphureus var. sulphureus v1.0,Laesu1_AssemblyScaffolds.fasta.gz,Laesu1.filtered_proteins.FilteredModels1.gff3.gz
Lenfl1,Lentithecium fluviatile v1.0,Lenfl1_AssemblyScaffolds.fasta.gz,Lenfl1.filtered_proteins.FilteredModels1.gff3.gz
Lepmu1,Leptosphaeria maculans,Lepmu1_AssemblyScaffolds.fasta.gz,Lepmu1.filtered_proteins.ExternalModels.gff3.gz
Leppa1,Lepidopterella palustris v1.0,Leppa1_AssemblyScaffolds.fasta.gz,Leppa1.filtered_proteins.FilteredModels1.gff3.gz
Leumo1,Leucogyrophana mollusca KUC20120723A-06 v1.0,Leumo1_AssemblyScaffolds.fasta.gz,Leumo1.filtered_proteins.FilteredModels1.gff3.gz
Lichy1,Lichtheimia hyalospora v1.0,Lichy1_AssemblyScaffolds.fasta.gz,Lichy1.filtered_proteins.FilteredModels1.gff3.gz
Lipst1_1,Lipomyces starkeyi NRRL Y-11557 v1.0,Lipst1_1_AssemblyScaffolds.fasta.gz,Lipst1_1.filtered_proteins.FilteredModels1.gff3.gz
Lopma1,Lophiostoma macrostomum v1.0,Lopma1_AssemblyScaffolds.fasta.gz,Lopma1.filtered_proteins.FilteredModels1.gff3.gz
Lopmy1,Lophium mytilinum CBS 269.34 v1.0,Lopmy1_AssemblyScaffolds.fasta.gz,Lopmy1.filtered_proteins.FilteredModels1.gff3.gz
Macan1,Macroventuria anomochaeta CBS 525.71 v1.0,Macan1_AssemblyScaffolds.fasta.gz,Macan1.filtered_proteins.FilteredModels1.gff3.gz
Macfu1,Macrolepiota fuliginosa v1.0,Macfu1_AssemblyScaffolds.fasta.gz,Macfu1.filtered_proteins.FilteredModels4.gff3.gz
Macph1,Macrophomina phaseolina MS6,Macph1_AssemblyScaffolds.fasta.gz,Macph1.filtered_proteins.ExternalModels.gff3.gz
Maggr1,Magnaporthe grisea v1.0,Maggr1_AssemblyScaffolds.fasta.gz,Maggr1.filtered_proteins.ExternalModels.gff3.gz
Malgl1,Malassezia globosa,Malassezia_globosa.unmasked.fasta.gz,Malgl1.filtered_proteins.PGModels1.gff3.gz
Malsy1_1,Malassezia sympodialis ATCC 42132,Malsy1_1_AssemblyScaffolds.fasta.gz,Malsy1_1.filtered_proteins.ExternalModels.gff3.gz
Melbi2,Meliniomyces bicolor E v2.0,Melbi2_AssemblyScaffolds.fasta.gz,Melbi2.filtered_proteins.FilteredModels2.gff3.gz
Mellp1,Melampsora laricis-populina v1.0,Melampsora_laricis_populina.AssembledScaffolds.fasta.gz,Mellp1.filtered_proteins.FilteredModels3.gff3.gz
Melpu1,Melanomma pulvis-pyrius v1.0,Melpu1_AssemblyScaffolds.fasta.gz,Melpu1.filtered_proteins.FilteredModels1.gff3.gz
Melsp1,Melanconium sp. NRRL 54901 v1.0,Melsp1_AssemblyScaffolds.fasta.gz,Melsp1.filtered_proteins.FilteredModels1.gff3.gz
Melva1,Meliniomyces variabilis F v1.0,Melva1_AssemblyScaffolds.fasta.gz,Melva1.filtered_proteins.FilteredModels1.gff3.gz
Metac1,Metarhizium acridum CQMa 102,Metac1_AssemblyScaffolds.fasta.gz,Metac1.filtered_proteins.ExternalModels.gff3.gz
Metan1,Metarhizium robertsii ARSEF 23,Metan1_AssemblyScaffolds.fasta.gz,Metan1.filtered_proteins.ExternalModels.gff3.gz
Metbi1,Metschnikowia bicuspidata NRRL YB-4993 v1.0,Metbi1_AssemblyScaffolds.fasta.gz,Metbi1.filtered_proteins.FilteredModels1.gff3.gz
Micca1,Microsporum canis CBS 113480,Micca1_AssemblyScaffolds.fasta.gz,Micca1.filtered_proteins.BroadModels.gff3.gz
Mixos1,Mixia osmundae IAM 14324 v1.0,Mixos1_AssemblyScaffolds.fasta.gz,Mixos1.filtered_proteins.FilteredModels1.gff3.gz
Monha1,Monacrosporium haptotylum CBS 200.50,Monha1_AssemblyScaffolds.fasta.gz,Monha1.filtered_proteins.ExternalModels.gff3.gz
Monpe1_1,Moniliophthora perniciosa FA553,Monpe1_1_AssemblyScaffolds.fasta.gz,Monpe1_1.filtered_proteins.ExternalModels.gff3.gz
Monpu1,Monascus purpureus v1.0,Monpu1_AssemblyScaffolds.fasta.gz,Monpu1.filtered_proteins.FilteredModels1.gff3.gz
Monru1,Monascus ruber NRRL 1597 v1.0,Monru1_AssemblyScaffolds.fasta.gz,Monru1.filtered_proteins.FilteredModels1.gff3.gz
Morco1,Morchella conica CCBAS932 v1.0,Morco1_AssemblyScaffolds.fasta.gz,Morco1.filtered_proteins.FilteredModels1.gff3.gz
Morel1,Mortierella elongata v1.0,Morel1_AssemblyScaffolds.fasta.gz,Morel1.filtered_proteins.FilteredModels1.gff3.gz
Mucci2,Mucor circinelloides CBS277.49 v2.0,Mucor_circinelloides_v2_scaffolds.fasta.gz,Mucci2.filtered_proteins.FilteredModels1.gff3.gz
Mycfi2,Mycosphaerella fijiensis v2.0,Mycosphaerella_fijiensis_v2_AssemblyScaffolds.fasta.gz,Mycfi2.filtered_proteins.FrozenGeneCatalog_20100402.gff3.gz
Myrdu1,Myriangium duriaei CBS 260.36 v1.0,Myrdu1_AssemblyScaffolds.fasta.gz,Myrdu1.filtered_proteins.FilteredModels1.gff3.gz
Nadfu1,Nadsonia fulvescens var. elongata DSM 6958 v1.0,Nadfu1_AssemblyScaffolds.fasta.gz,Nadfu1.filtered_proteins.FilteredModels1.gff3.gz
Necha2,Nectria haematococca v2.0,Necha2_scaffolds.fasta.gz,Necha2.filtered_proteins.FilteredModels1.gff3.gz
Nempa1,Nematocida parisii ERTm1,Nempa1_AssemblyScaffolds.fasta.gz,Nempa1.filtered_proteins.BroadModels.gff3.gz
Neofi1,Neosartorya fischeri NRRL 181,Neofi1_AssemblyScaffolds.fasta.gz,Neofi1.filtered_proteins.ExternalModels.gff3.gz
Neole1,Neolentinus lepideus v1.0,Neole1_AssemblyScaffolds.fasta.gz,Neole1.filtered_proteins.FilteredModels1.gff3.gz
Neopa1,Neofusicoccum parvum UCRNP2,Neopa1_AssemblyScaffolds.fasta.gz,Neopa1.filtered_proteins.ExternalModels.gff3.gz
Neucr2,Neurospora crassa OR74A v2.0,Neucr2_AssemblyScaffolds.fasta.gz,Neucr2.filtered_proteins.BroadModels.gff3.gz
Neucr_trp3_1,Neurospora crassa FGSC 73 trp-3 v1.0,Neucr_trp3_1_AssemblyScaffolds.fasta.gz,Neucr_trp3_1.filtered_proteins.FilteredModels3.gff3.gz
Neudi1,Neurospora discreta FGSC 8579 mat A,Neurospora_discreta.AssemblyScaffolds.fasta.gz,Neudi1.filtered_proteins.FilteredModels2.gff3.gz
Neute_mat_a1,Neurospora tetrasperma FGSC 2509 mat a v1.0,Neurospora_tetrasperma_mata_AssemblyScaffolds.fasta.gz,Neute_mat_a1.filtered_proteins.FilteredModels1.gff3.gz
Nosce1,Nosema ceranae BRL01,Nosce1_AssemblyScaffolds.fasta.gz,Nosce1.filtered_proteins.ExternalModels.gff3.gz
Obbri1,Obba rivulosa 3A-2 v1.0,Obbri1_AssemblyScaffolds.fasta.gz,Obbri1.filtered_proteins.FilteredModels1.gff3.gz
Oidma1,Oidiodendron maius Zn v1.0,Oidma1_AssemblyScaffolds.fasta.gz,Oidma1.filtered_proteins.FilteredModels1.gff3.gz
Ompol1,Omphalotus olearius,Ompol1_AssemblyScaffolds.fasta.gz,Ompol1.filtered_proteins.ExternalModels.gff3.gz
Ophdi1,Ophiobolus disseminans CBS 113818 v1.0,Ophdi1_AssemblyScaffolds.fasta.gz,Ophdi1.filtered_proteins.FilteredModels1.gff3.gz
Ophpc1,Ophiostoma piceae UAMH 11346,Ophpc1_AssemblyScaffolds.fasta.gz,Ophpc1.filtered_proteins.ExternalModels.gff3.gz
Pacta1_2,Pachysolen tannophilus NRRL Y-2460 v1.2,Pacta1_2_AssemblyScaffolds.fasta.gz,Pacta1_2.filtered_proteins.Filteredmodels2.gff3.gz
Parbr1,Paracoccidioides brasiliensis Pb03,Parbr1_AssemblyScaffolds.fasta.gz,Parbr1.filtered_proteins.BroadModels.gff3.gz
Paxin1,Paxillus involutus ATCC 200175 v1.0,Paxin1_AssemblyScaffolds.fasta.gz,Paxin1.filtered_proteins.FilteredModels1.gff3.gz
Paxru1,Paxillus rubicundulus Ve08.2h10 v1.0,Paxru1_AssemblyScaffolds.fasta.gz,Paxru1.filtered_proteins.FilteredModels1.gff3.gz
Penac1,Talaromyces aculeatus ATCC 10409 v1.0,Penac1_AssemblyScaffolds.fasta.gz,Penac1.filtered_proteins.FilteredModels1.gff3.gz
Penbi1,Penicillium bilaiae ATCC 20851 v1.0,Penbi1_AssemblyScaffolds.fasta.gz,Penbi1.filtered_proteins.FilteredModels1.gff3.gz
PenbrAgRF18_1,Penicillium brevicompactum AgRF18 v1.0,PenbrAgRF18_1_AssemblyScaffolds.fasta.gz,PenbrAgRF18_1.filtered_proteins.FilteredModels1.gff3.gz
Penca1,Penicillium canescens ATCC 10419 v1.0,Penca1_AssemblyScaffolds.fasta.gz,Penca1.filtered_proteins.FilteredModels1.gff3.gz
Pench1,Penicillium chrysogenum v1.0,Pench1_AssemblyScaffolds.fasta.gz,Pench1.filtered_proteins.FilteredModels1.gff3.gz
PenchWisc1_1,Penicillium chrysogenum Wisconsin 54-1255,PenchWisc1_1_AssemblyScaffolds.fasta.gz,PenchWisc1_1.filtered_proteins.ExternalModels.gff3.gz
Pendi1,Penicillium digitatum PHI26,Pendi1_AssemblyScaffolds.fasta.gz,Pendi1.filtered_proteins.ExternalModels.gff3.gz
Penex1,Penicillium expansum ATCC 24692 v1.0,Penex1_AssemblyScaffolds.fasta.gz,Penex1.filtered_proteins.FilteredModels1.gff3.gz
Penfe1,Penicillium fellutanum ATCC 48694 v1.0,Penfe1_AssemblyScaffolds.fasta.gz,Penfe1.filtered_proteins.FilteredModels1.gff3.gz
Pengl1,Penicillium glabrum DAOM 239074 v1.0,Pengl1_AssemblyScaffolds.fasta.gz,Pengl1.filtered_proteins.FilteredModels1.gff3.gz
Penja1,Penicillium janthinellum ATCC 10455 v1.0,Penja1_AssemblyScaffolds.fasta.gz,Penja1.filtered_proteins.FilteredModels1.gff3.gz
Penla1,Penicillium lanosocoeruleum ATCC 48919 v1.0,Penla1_AssemblyScaffolds.fasta.gz,Penla1.filtered_proteins.FilteredModels1.gff3.gz
Penox1,Penicillium oxalicum 114-2,Penox1_AssemblyScaffolds.fasta.gz,Penox1.filtered_proteins.ExternalModels.gff3.gz
Penra1,Penicillium raistrickii ATCC 10490 v1.0,Penra1_AssemblyScaffolds.fasta.gz,Penra1.filtered_proteins.FilteredModels1.gff3.gz
Phaal1,Phaeoacremonium aleophilum UCRPA7,Phaal1_AssemblyScaffolds.fasta.gz,Phaal1.filtered_proteins.ExternalModels.gff3.gz
Phaca1,Phanerochaete carnosa HHB-10118-Sp v1.0,Phaca1_AssemblyScaffolds.fasta.gz,Phaca1.filtered_proteins.FilteredModels4.gff3.gz
Phchr2,Phanerochaete chrysosporium RP-78 v2.2,Phchr2_AssemblyScaffolds.fasta.gz,Phchr2.filtered_proteins.FilteredModels1.gff3.gz
Phlbr1,Phlebia brevispora HHB-7030 SS6 v1.0,Phlbr1_AssemblyScaffolds.fasta.gz,Phlbr1.filtered_proteins.FilteredModels1.gff3.gz
Phlgi1,Phlebiopsis gigantea v1.0,Phlgi1_AssemblyScaffolds.fasta.gz,Phlgi1.filtered_proteins.FilteredModels2.gff3.gz
Photr1,Phoma tracheiphila IPT5 v1.0,Photr1_AssemblyScaffolds.fasta.gz,Photr1.filtered_proteins.FilteredModels1.gff3.gz
Phybl2,Phycomyces blakesleeanus NRRL1555 v2.0,Phycomyces_blakesleeanus_v2_scaffolds.fasta.gz,Phybl2.filtered_proteins.FilteredModels3.gff3.gz
Picme2,Pichia membranifaciens v2.0,Picme2_AssemblyScaffolds.fasta.gz,Picme2.filtered_proteins.FilteredModels1.gff3.gz
Picpa1,Pichia pastoris,Picpa1_AssemblyScaffolds.fasta.gz,Picpa1.filtered_proteins.ExternalModels.gff3.gz
Picst3,Pichia stipitis v2.0,pichia.AssembledScaffolds.fasta.gz,Picst3.filtered_proteins.GeneCatalog.gff3.gz
Pieho1_1,Piedraia hortae v1.1,Pieho1_1_AssemblyScaffolds.fasta.gz,Pieho1_1.filtered_proteins.FilteredModels1.gff3.gz
Pilcr1,Piloderma croceum F 1598 v1.0,Pilcr1_AssemblyScaffolds.fasta.gz,Pilcr1.filtered_proteins.FilteredModels1.gff3.gz
PirE2_1,Piromyces sp. E2 v1.0,PirE2_1_AssemblyScaffolds.fasta.gz,PirE2_1.filtered_proteins.FilteredModels1.gff3.gz
Pirin1,Piriformospora indica DSM 11827 from MPI,Pirin1_AssemblyScaffolds.fasta.gz,Pirin1.filtered_proteins.ExternalModels1.gff3.gz
Pismi1,Pisolithus microcarpus 441 v1.0,Pismi1_AssemblyScaffolds.fasta.gz,Pismi1.filtered_proteins.FilteredModels1.gff3.gz
Pisti1,Pisolithus tinctorius Marx 270 v1.0,Pisti1_AssemblyScaffolds.fasta.gz,Pisti1.filtered_proteins.FilteredModels1.gff3.gz
PleosPC15_2,Pleurotus ostreatus PC15 v2.0,PleosPC15_2_Assembly_scaffolds.fasta.gz,PleosPC15_2.filtered_proteins.FilteredModels1.gff3.gz
Plesi1,Pleomassaria siparia v1.0,Plesi1_AssemblyScaffolds.fasta.gz,Plesi1.filtered_proteins.FilteredModels1.gff3.gz
Plicr1,Plicaturopsis crispa v1.0,Plicr1_AssemblyScaffolds.fasta.gz,Plicr1.filtered_proteins.FilteredModels1.gff3.gz
Pneji1,Pneumocystis jirovecii,Pneji1_AssemblyScaffolds.fasta.gz,Pneji1.filtered_proteins.ExternalModels.gff3.gz
Podan2,Podospora anserina S mat+,Podan2_AssemblyScaffolds.fasta.gz,Podan2.filtered_proteins.GenoscopeModels.gff3.gz
Polar1,Polyporus arcularius v1.0,Polar1_AssemblyScaffolds.fasta.gz,Polar1.filtered_proteins.FilteredModels1.gff3.gz
Polci1,Polychaeton citri v1.0,Polci1_AssemblyScaffolds.fasta.gz,Polci1.filtered_proteins.FilteredModels1.gff3.gz
PosplRSB12_1,Postia placenta MAD-698-R-SB12 v1.0,PosplRSB12_1_AssemblyScaffolds.fasta.gz,PosplRSB12_1.filtered_proteins.FilteredModels1.gff3.gz
Psean1_1,Pseudozyma antarctica T-34,Psean1_1_AssemblyScaffolds.fasta.gz,Psean1_1.filtered_proteins.ExternalModels.gff3.gz
Psehu1,Pseudozyma hubeiensis SY62,Psehu1_AssemblyScaffolds.fasta.gz,Psehu1.filtered_proteins.ExternalModels.gff3.gz
Pucgr1,Puccinia graminis,Puccinia_graminis.unmasked.fasta.gz,Pucgr1.filtered_proteins.BroadModels1.gff3.gz
Pucst1,Puccinia striiformis f. sp. tritici PST-130 ,Pucst1_AssemblyScaffolds.fasta.gz,Pucst1.filtered_proteins.ExternalModels.gff3.gz
Punst1,Punctularia strigosozonata v1.0,Punst1_AssemblyScaffolds.fasta.gz,Punst1.filtered_proteins.FilteredModels1.gff3.gz
Pycci1,Pycnoporus cinnabarinus BRFM 137,Pycci1_AssemblyScaffolds.fasta.gz,Pycci1.filtered_proteins.ExternalModels.gff3.gz
Pycco1662_1,Pycnoporus coccineus CIRM1662,Pycco1662_1_AssemblyScaffolds.fasta.gz,Pycco1662_1.filtered_proteins.FilteredModels1.gff3.gz
Pyrco1,Pyronema confluens CBS100304,Pyrco1_AssemblyScaffolds.fasta.gz,Pyrco1.filtered_proteins.ExternalModels.gff3.gz
Pyrtr1,Pyrenophora tritici-repentis,Pyrenophora_tritici_repentis_unmasked_assembly.fasta.gz,Pyrtr1.filtered_proteins.broadModels.gff3.gz
Pyrtt1,Pyrenophora teres f. teres,Pyrtt1_AssemblyScaffolds.fasta.gz,Pyrtt1.filtered_proteins.ExternalModels.gff3.gz
Ramac1,Ramaria rubella (R. acris) UT-36052-T v1.0,Ramac1_AssemblyScaffolds.fasta.gz,Ramac1.filtered_proteins.FilteredModels5.gff3.gz
Rhich1,Rhizopus microsporus var. chinensis CCTCC M201021,Rhich1_AssemblyScaffolds.fasta.gz,Rhich1.filtered_proteins.ExternalModels.gff3.gz
Rhimi1_1,Rhizopus microsporus var. microsporus ATCC52813 v1.0,Rhimi1_1_AssemblyScaffolds.fasta.gz,Rhimi1_1.filtered_proteins.FilteredModels2.gff3.gz
Rhior3,Rhizopus oryzae 99-880 from Broad,Rhior3_scaffolds.fasta.gz,Rhior3.filtered_proteins.BroadGene.gff3.gz
Rhiso1,Rhizoctonia solani AG-1 IB,Rhiso1_AssemblyScaffolds.fasta.gz,Rhiso1.filtered_proteins.ExternalModels.gff3.gz
Rhivi1,Rhizopogon vinicolor AM-OR11-026 v1.0,Rhivi1_AssemblyScaffolds.fasta.gz,Rhivi1.filtered_proteins.FilteredModels1.gff3.gz
Rhoba1_1,Rhodotorula graminis strain WP1 v1.1,Rhoba1_1_AssemblyScaffolds.fasta.gz,Rhoba1_1.filtered_proteins.FilteredModels2.gff3.gz
Ricme1,Peniophora aff. cinerea v1.0,Ricme1_AssemblyScaffolds.fasta.gz,Ricme1.filtered_proteins.FilteredModels1.gff3.gz
Rozal1_1,Rozella allomycis CSF55,Rozal1_1_AssemblyScaffolds.fasta.gz,Rozal1_1.filtered_proteins.ExternalModels.gff3.gz
Sacce1,Saccharomyces cerevisiae S288C,Sacce1_AssemblyScaffolds.fasta.gz,Sacce1.filtered_proteins.ExternalModels.gff3.gz
SacceM3707_1,Saccharomyces cerevisiae M3707 Dikaryon,SacceM3707_1_AssemblyScaffolds.fasta.gz,SacceM3707_1.filtered_proteins.FilteredModels1.gff3.gz
SacceM3836_1,Saccharomyces cerevisiae M3836 v1.0,SacceM3836_1_AssemblyScaffolds.fasta.gz,SacceM3836_1.filtered_proteins.FilteredModels1.gff3.gz
SacceM3837_1,Saccharomyces cerevisiae M3837 v1.0,SacceM3837_1_AssemblyScaffolds.fasta.gz,SacceM3837_1.filtered_proteins.FilteredModels1.gff3.gz
SacceM3838_1,Saccharomyces cerevisiae M3838 v1.0,SacceM3838_1_AssemblyScaffolds.fasta.gz,SacceM3838_1.filtered_proteins.FilteredModels1.gff3.gz
SacceM3839_1,Saccharomyces cerevisiae M3839 v1.0,SacceM3839_1_AssemblyScaffolds.fasta.gz,SacceM3839_1.filtered_proteins.FilteredModels1.gff3.gz
SacceYB210_1,Saccharomyces cerevisiae YB210 Standard Draft,SacceYB210_1_AssemblyScaffolds.fasta.gz,SacceYB210_1.filtered_proteins.FilteredModels1.gff3.gz
Saico1,Saitoella complicata NRRL Y-17804 v1.0,Saico1_AssemblyScaffolds.fasta.gz,Saico1.filtered_proteins.FilteredModels1.gff3.gz
Schco3,Schizophyllum commune H4-8 v3.0,Schco3_AssemblyScaffolds.fasta.gz,Schco3.filtered_proteins.FilteredModels1.gff3.gz
Schco_LoeD_1,Schizophyllum commune Loenen D v1.0,Schco_LoeD_1_AssemblyScaffolds.fasta.gz,Schco_LoeD_1.filtered_proteins.FilteredModels2.gff3.gz
Schco_TatD_1,Schizophyllum commune Tattone D v1.0,Schco_TatD_1_AssemblyScaffolds.fasta.gz,Schco_TatD_1.filtered_proteins.FilteredModels1.gff3.gz
Schcy1,Schizosaccharomyces cryophilus OY26,Schcy1_AssemblyScaffolds.fasta.gz,Schcy1.filtered_proteins.BroadModels.gff3.gz
Schja1,Schizosaccharomyces japonicus yFS275,Schja1_AssemblyScaffolds.fasta.gz,Schja1.filtered_proteins.BroadModels.gff3.gz
Schoc1,Schizosaccharomyces octosporus yFS286,Schoc1_AssemblyScaffolds.fasta.gz,Schoc1.filtered_proteins.BroadModels.gff3.gz
Schpa1,Schizopora paradoxa KUC8140 v1.0,Schpa1_AssemblyScaffolds.fasta.gz,Schpa1.filtered_proteins.FilteredModels1.gff3.gz
Schpo1,Schizosaccharomyces pombe,Schpo1_AssemblyScaffolds.fasta.gz,Schpo1.filtered_proteins.ExternalModels.gff3.gz
Sclci1,Scleroderma citrinum Foug A v1.0,Sclci1_AssemblyScaffolds.fasta.gz,Sclci1.filtered_proteins.FilteredModels1.gff3.gz
Sclsc1,Sclerotinia sclerotiorum v1.0,Sclsc1_AssemblyScaffolds.fasta.gz,Sclsc1.filtered_proteins.ExternalModels.gff3.gz
Sebve1,Sebacina vermifera MAFF 305830 v1.0,Sebve1_AssemblyScaffolds.fasta.gz,Sebve1.filtered_proteins.FilteredModels1.gff3.gz
Sepmu1,Septoria musiva SO2202 v1.0,Sepmu1_AssemblyScaffolds.fasta.gz,Sepmu1.filtered_proteins.FilteredModels1.gff3.gz
Seppo1,Septoria populicola v1.0,Seppo1_AssemblyScaffolds.fasta.gz,Seppo1.filtered_proteins.FilteredModels1.gff3.gz
SerlaS7_3_2,Serpula lacrymans S7.3 v2.0,Serpula_lacrymans_S7_3_v2.unmasked.fasta.gz,SerlaS7_3_2.filtered_proteins.FilteredModels1.gff3.gz
SerlaS7_9_2,Serpula lacrymans S7.9 v2.0,SerlaS7_9_2_AssemblyScaffolds.fasta.gz,SerlaS7_9_2.filtered_proteins.FilteredModels1.gff3.gz
Serla_varsha1,Serpula lacrymans var shastensis SHA21-2 v1.0,Serla_varsha1_AssemblyScaffolds.fasta.gz,Serla_varsha1.filtered_proteins.FilteredModels1.gff3.gz
Settu1,Setosphaeria turcica Et28A v1.0,Settu1_AssemblyScaffolds.fasta.gz,Settu1.filtered_proteins.FilteredModels1.gff3.gz
Sisbr1,Lentinus tigrinus v1.0,Sisbr1_AssemblyScaffolds.fasta.gz,Sisbr1.filtered_proteins.FilteredModels1.gff3.gz
Sisni1,Sistotremastrum niveocremeum HHB9708 ss-1 1.0,Sisni1_AssemblyScaffolds.fasta.gz,Sisni1.filtered_proteins.FilteredModels1.gff3.gz
Sissu1,Sistotremastrum suecicum v1.0,Sissu1_AssemblyScaffolds.fasta.gz,Sissu1.filtered_proteins.FilteredModels1.gff3.gz
Spapa3,Spathaspora passalidarum NRRL Y-27907 v2.0,Spapa3_genomic_scaffolds.fasta.gz,Spapa3.filtered_proteins.FilteredModels1.gff3.gz
Sphst1,Sphaerobolus stellatus v1.0,Sphst1_AssemblyScaffolds.fasta.gz,Sphst1.filtered_proteins.FilteredModels1.gff3.gz
Spore1,Sporisorium reilianum SRZ2,Spore1_AssemblyScaffolds.fasta.gz,Spore1.filtered_proteins.ExternalModels.gff3.gz
Spoth2,Myceliophthora thermophila (Sporotrichum thermophile) v2.0,Spoth2_AssemblyScaffolds.fasta.gz,Spoth2.filtered_proteins.FilteredModels2.gff3.gz
Stano2,Stagonospora nodorum SN15 v2.0,Stano2_AssemblyScaffolds.fasta.gz,Stano2.filtered_proteins.ExternalModels.gff3.gz
Stehi1,Stereum hirsutum FP-91666 SS1 v1.0,Stehi1_AssemblyScaffolds.fasta.gz,Stehi1.filtered_proteins.FilteredModels1.gff3.gz
Suibr1,Suillus brevipes v1.0,Suibr1_AssemblyScaffolds.fasta.gz,Suibr1.filtered_proteins.FilteredModels1.gff3.gz
Suilu1,Suillus luteus UH-Slu-Lm8-n1 v1.0,Suilu1_AssemblyScaffolds.fasta.gz,Suilu1.filtered_proteins.FilteredModels1.gff3.gz
Symko1,Symbiotaphrina kochii v1.0,Symko1_AssemblyScaffolds.fasta.gz,Symko1.filtered_proteins.FilteredModels2.gff3.gz
Talma1_2,Talaromyces marneffei ATCC 18224,Talma1_2_AssemblyScaffolds.fasta.gz,Talma1_2.filtered_proteins.ExternalModels.gff3.gz
Talst1_2,Talaromyces stipitatus ATCC 10500,Talst1_2_AssemblyScaffolds.fasta.gz,Talst1_2.filtered_proteins.JCVIModels.gff3.gz
Tapde1_1,Taphrina deformans,Tapde1_1_AssemblyScaffolds.fasta.gz,Tapde1_1.filtered_proteins.ExternalModels.gff3.gz
Theau1,Thermoascus aurantiacus v1.0,Theau1_AssemblyScaffolds.fasta.gz,Theau1.filtered_proteins.FilteredModels1.gff3.gz
Thian1,Thielavia antarctica CBS 123565 v1.0,Thian1_AssemblyScaffolds.fasta.gz,Thian1.filtered_proteins.FilteredModels2.gff3.gz
Thiap1,Thielavia appendiculata CBS 731.68 v1.0,Thiap1_AssemblyScaffolds.fasta.gz,Thiap1.filtered_proteins.FilteredModels1.gff3.gz
Thiar1,Thielavia arenaria CBS 508.74 v1.0,Thiar1_AssemblyScaffolds.fasta.gz,Thiar1.filtered_proteins.FilteredModels1.gff3.gz
Thihy1,Thielavia hyrcaniae CBS 757.83 v1.0,Thihy1_AssemblyScaffolds.fasta.gz,Thihy1.filtered_proteins.FilteredModels1.gff3.gz
Thite2,Thielavia terrestris v2.0,Thite2_AssemblyScaffolds.fasta.gz,Thite2.filtered_proteins.FilteredModels2.gff3.gz
Tilan2,Tilletiaria anomala UBC 951 v1.0,Tilan2_AssemblyScaffolds.fasta.gz,Tilan2.filtered_proteins.FilteredModels1.gff3.gz
Tralj1,Trametes ljubarskyi CIRM1659 v1.0,Tralj1_AssemblyScaffolds.fasta.gz,Tralj1.filtered_proteins.FilteredModels1.gff3.gz
Trave1,Trametes versicolor v1.0,Trave1_AssemblyScaffolds.fasta.gz,Trave1.filtered_proteins.FilteredModels1.gff3.gz
Treme1,Tremella mesenterica Fries v1.0,Treme1_genomic_scaffolds.fasta.gz,Treme1.filtered_proteins.FilteredModels1.gff3.gz
Trepe1,Trematosphaeria pertusa CBS 122368 v1.0,Trepe1_AssemblyScaffolds.fasta.gz,Trepe1.filtered_proteins.FilteredModels1.gff3.gz
Trias1,Trichoderma asperellum CBS 433.97 v1.0,Trias1_AssemblyScaffolds.fasta.gz,Trias1.filtered_proteins.FilteredModels1.gff3.gz
Triat2,Trichoderma atroviride v2.0,Trichoderma_atroviride_v2_AssemblyScaffolds.fasta.gz,Triat2.filtered_proteins.FilteredModels1.gff3.gz
Trici4,Trichoderma citrinoviride v4.0,Trici4_AssemblyScaffolds.fasta.gz,Trici4.filtered_proteins.FilteredModels1.gff3.gz
Triha1,Trichoderma harzianum CBS 226.95 v1.0,Triha1_AssemblyScaffolds.fasta.gz,Triha1.filtered_proteins.FilteredModels1.gff3.gz
Trilo3,Trichoderma longibrachiatum ATCC 18648 v3.0,Trilo3_AssemblyScaffolds.fasta.gz,Trilo3.filtered_proteins.FilteredModels1.gff3.gz
Trima3,Tricholoma matsutake 945 v3.0,Trima3_AssemblyScaffolds.fasta.gz,Trima3.filtered_proteins.FilteredModels2.gff3.gz
Triol1,Trichosporon oleaginosus IBC0246 v1.0,Triol1_AssemblyScaffolds.fasta.gz,Triol1.filtered_proteins.FilteredModels1.gff3.gz
Trire2,Trichoderma reesei v2.0,Trichoderma_reeseiV2.AssembledScaffolds.fasta.gz,Trire2.filtered_proteins.FrozenGeneCatalog20081022.gff3.gz
TrireRUTC30_1,Trichoderma reesei RUT C-30 v1.0,TrireRUTC30_1_AssemblyScaffolds.fasta.gz,TrireRUTC30_1.filtered_proteins.FilteredModels1.gff3.gz
Triru1,Trichophyton rubrum CBS 118892,Triru1_AssemblyScaffolds.fasta.gz,Triru1.filtered_proteins.BroadModels.gff3.gz
Trisp1,Tritirachium sp. CBS 265.96 v1.0,Trisp1_AssemblyScaffolds.fasta.gz,Trisp1.filtered_proteins.FilteredModels1.gff3.gz
Triver1,Trichophyton verrucosum HKI 0517,Triver1_AssemblyScaffolds.fasta.gz,Triver1.filtered_proteins.ExternalModels.gff3.gz
TriviGv29_8_2,Trichoderma virens Gv29-8 v2.0,Trichoderma_virens_v2.AssembledScaffolds.fasta.gz,TriviGv29_8_2.filtered_proteins.FilteredModels1.gff3.gz
Tryvi1,Trypethelium eluteriae v1.0,Tryvi1_AssemblyScaffolds.fasta.gz,Tryvi1.filtered_proteins.FilteredModels1.gff3.gz
Tubme1,Tuber melanosporum from Genoscope,Tubme1_AssemblyScaffolds.fasta.gz,Tubme1.filtered_proteins.Genoscope_genes.gff3.gz
Tulca1,Tulasnella calospora AL13/4D v1.0,Tulca1_AssemblyScaffolds.fasta.gz,Tulca1.filtered_proteins.FilteredModels1.gff3.gz
Umbra1,Umbelopsis ramanniana AG # v1.0,Umbra1_AssemblyScaffolds.fasta.gz,Umbra1.filtered_proteins.FilteredModels1.gff3.gz
Uncre1,Uncinocarpus reesii 1704,Uncre1_AssemblyScaffolds.fasta.gz,Uncre1.filtered_proteins.BroadModels.gff3.gz
Veral1,Verticillium alfalfae VaMs.102,Veral1_AssemblyScaffolds.fasta.gz,Veral1.filtered_proteins.BroadModels.gff3.gz
Verda1,Verticillium dahliae v1.0,Verda1_AssemblyScaffolds.fasta.gz,Verda1.filtered_proteins.ExternalModels.gff3.gz
Veren1,Verruculina enalia CBS 304.66 v1.0,Veren1_AssemblyScaffolds.fasta.gz,Veren1.filtered_proteins.FilteredModels1.gff3.gz
Volvo1,Volvariella volvacea V23,Volvo1_AssemblyScaffolds.fasta.gz,Volvo1.filtered_proteins.ExternalModels.gff3.gz
Walic1,Wallemia ichthyophaga EXF-994,Walic1_AssemblyScaffolds.fasta.gz,Walic1.filtered_proteins.ExternalModels.gff3.gz
Walse1,Wallemia sebi v1.0,Walse1_AssemblyScaffolds.fasta.gz,Walse1.filtered_proteins.FilteredModels2.gff3.gz
Wesor1,Westerdykella ornata CBS 379.55 v1.0,Wesor1_AssemblyScaffolds.fasta.gz,Wesor1.filtered_proteins.FilteredModels1.gff3.gz
Wican1,Wickerhamomyces anomalus NRRL Y-366-8 v1.0,Wican1_AssemblyScaffolds.fasta.gz,Wican1.filtered_proteins.FilteredModels1.gff3.gz
Wilmi1,Wilcoxina mikolae CBS 423.85 v1.0,Wilmi1_AssemblyScaffolds.fasta.gz,Wilmi1.filtered_proteins.FilteredModels1.gff3.gz
Wolco1,Wolfiporia cocos MD-104 SS10 v1.0,Wolco1_AssemblyScaffolds.fasta.gz,Wolco1.filtered_proteins.FilteredModels2.gff3.gz
Xylhe1,Xylona heveae TC161 v1.0,Xylhe1_AssemblyScaffolds.fasta.gz,Xylhe1.filtered_proteins.FilteredModels1.gff3.gz
Yarli1,Yarrowia lipolytica (strain CLIB122),Yarli1_AssemblyScaffolds.fasta.gz,Yarli1.filtered_proteins.ExternalModels.gff3.gz
Zasce1,Zasmidium cellare ATCC 36951 v1.0,Zasce1_AssemblyScaffolds.fasta.gz,Zasce1.filtered_proteins.FilteredModels1.gff3.gz
Zoprh1,Zopfia rhizophila v1.0,Zoprh1_AssemblyScaffolds.fasta.gz,Zoprh1.filtered_proteins.FilteredModels1.gff3.gz
