shortName,longName,fastaName,gff3Name,gc,numGene,numExon,numIntron,intronDensity,rnaSeqCount
Aaoar1,Aaosphaeria arxii CBS 175.79 v1.0,Aaoar1_AssemblyScaffolds.fasta.gz,Aaoar1.filtered_proteins.FilteredModels1.gff3.gz,49.9,14203,39261,25058,1.76427515314,1
Aciri1_iso,Acidomyces richmondensis BFW,Aciri1_iso_AssemblyScaffolds.fasta.gz,Aciri1_iso.filtered_proteins.FilteredModels1.gff3.gz,49.3,11202,25568,14355,1.28146759507,12
Aciri1_meta,Acidomyces richmondensis BFW,Aciri1_meta_AssemblyScaffolds.fasta.gz,Aciri1_meta.filtered_proteins.FilteredModels1.gff3.gz,49.7,10352,23763,13408,1.29520865533,12
Acral2,Acremonium alcalophilum v2.0,Acral2_AssemblyScaffolds.fasta.gz,Acral2.filtered_proteins.FilteredModels3_1.gff3.gz,46.4,5405,20231,14826,2.74301572618,3
Agabi_varbisH97_2,Agaricus bisporus var bisporus (H97) v2.0,Abisporus_varbisporusH97.v2_AssembledScaffolds.fasta.gz,Agabi_varbisH97_2.filtered_proteins.FilteredModels3.gff3.gz,46.5,10438,63113,52674,5.04636903621,7
Agabi_varbur_1,Agaricus bisporus var. burnettii JB137-S8,Abisporus_varburnettii.v2.unmasked.fasta.gz,Agabi_varbur_1.filtered_proteins.FilteredModels1.gff3.gz,46.6,11289,64626,53332,4.72424484011,7
Altbr1,Alternaria brassicicola,Alternaria_brassicicola_unmasked_assembly.fasta.gz,Altbr1.filtered_proteins.External_gene_models.gff3.gz,50.5,10688,28593,17905,1.67524326347,28
Amamu1,Amanita muscaria Koide v1.0,Amamu1_AssemblyScaffolds.fasta.gz,Amamu1.filtered_proteins.FilteredModels1.gff3.gz,47.5,18153,82381,64190,3.5360546466100002,4
Amath1,Amanita thiersii Skay4041 v1.0,Amath1_AssemblyScaffolds.fasta.gz,Amath1.filtered_proteins.FilteredModels1.gff3.gz,45.3,10354,62374,52020,5.024145257869999,1
Amore1,Amorphotheca resinae v1.0,Amore1_AssemblyScaffolds.fasta.gz,Amore1.filtered_proteins.FilteredModels1.gff3.gz,47.6,9642,28616,18974,1.9678489939800001,1
Antav1,Anthostoma avocetta NRRL 3190 v1.0,Antav1_AssemblyScaffolds.fasta.gz,Antav1.filtered_proteins.FilteredModels1.gff3.gz,44.4,1488,4531,3043,2.04502688172,1
Antlo1,Antonospora locustae HM-2013,Antlo1_AssemblyScaffolds.fasta.gz,Antlo1.filtered_proteins.ExternalModels.gff3.gz,47.4,2606,2606,0,0.0,0
Antsi1,Antrodia sinuosa v1.0,Antsi1_AssemblyScaffolds.fasta.gz,Antsi1.filtered_proteins.FilteredModels1.gff3.gz,51.1,11327,68984,57657,5.0902268914999995,0
Apimo1,Apiospora montagnei NRRL 25634 v1.0,Apimo1_AssemblyScaffolds.fasta.gz,Apimo1.filtered_proteins.FilteredModels1.gff3.gz,52.0,16992,42806,25806,1.51871468927,1
Aplpr1,Aplosporella prunicola CBS 121.167 v1.0,Aplpr1_AssemblyScaffolds.fasta.gz,Aplpr1.filtered_proteins.FilteredModels1.gff3.gz,54.3,12579,33532,20953,1.6657126957600001,0
Artbe1,Arthroderma benhamiae CBS 112371,Artbe1_AssemblyScaffolds.fasta.gz,Artbe1.filtered_proteins.ExternalModels.gff3.gz,48.7,7980,20652,12672,1.58796992481,4
Artel1,Artolenzites elegans CIRM1663 v1.0,Artel1_AssemblyScaffolds.fasta.gz,Artel1.filtered_proteins.FilteredModels1.gff3.gz,58.8,12851,73544,60693,4.722823126600001,15
Artol1,Arthrobotrys oligospora ATCC 24927,Artol1_AssemblyScaffolds.fasta.gz,Artol1.filtered_proteins.ExternalModels.gff3.gz,44.5,11479,36375,24896,2.16883003746,5
Ascim1,Ascobolus immersus RN42 v1.0,Ascim1_AssemblyScaffolds.fasta.gz,Ascim1.filtered_proteins.FilteredModels2.gff3.gz,49.3,17877,47727,29850,1.66974324551,0
Ascru1,Ascoidea rubescens NRRL Y17699 v1.0,Ascru1_AssemblyScaffolds.fasta.gz,Ascru1.filtered_proteins.FilteredModels1.gff3.gz,32.9,6802,9433,2605,0.38297559541299997,0
Ascsa1,Ascocoryne sarcoides NRRL50072,Ascsa1_AssemblyScaffolds.fasta.gz,Ascsa1.filtered_proteins.ExternalModels.gff3.gz,46.4,10672,32297,21625,2.0263305847099997,0
Ashgo1,Ashbya gossypii ATCC 10895,Ashgo1_AssemblyScaffolds.fasta.gz,Ashgo1.filtered_proteins.AGDModels.gff3.gz,51.8,4768,5045,276,0.0578859060403,0
Aspac1,Aspergillus aculeatus ATCC16872 v1.1,Aspac1_scaffolds.fasta.gz,Aspac1.filtered_proteins.FilteredModels6.gff3.gz,50.9,10845,35047,24194,2.23088981097,0
Aspbr1,Aspergillus brasiliensis v1.0,Aspbr1_AssemblyScaffolds.fasta.gz,Aspbr1.filtered_proteins.FilteredModels1.gff3.gz,50.5,5496,17620,12116,2.20451237263,0
Aspca3,Aspergillus carbonarius ITEM 5010 v3,Aspca3_scaffolds.fasta.gz,Aspca3.filtered_proteins.FilteredModels6.gff3.gz,51.7,11624,40277,28653,2.46498623538,2
Aspcam1,Aspergillus campestris IBT 28561 v1.0,Aspcam1_AssemblyScaffolds.fasta.gz,Aspcam1.filtered_proteins.FilteredModels1.gff3.gz,51.2,5712,18519,12807,2.24212184874,1
Aspcl1,Aspergillus clavatus NRRL 1 from AspGD,Aspcl1_AssemblyScaffolds.fasta.gz,Aspcl1.filtered_proteins.ExternalModels.gff3.gz,49.2,9121,27959,18838,2.06534371231,0
Aspfl1,Aspergillus flavus NRRL3357,Aspfl1_AssemblyScaffolds.fasta.gz,Aspfl1.filtered_proteins.ExternalModels.gff3.gz,48.3,2121,6927,4806,2.26591230552,56
Aspfo1,Aspergillus acidus v1.0,Aspfo1_AssemblyScaffolds.fasta.gz,Aspfo1.filtered_proteins.FilteredModels1.gff3.gz,49.1,2884,9179,6292,2.1816920943099998,0
Aspfu1,Aspergillus fumigatus Af293 from AspGD,Aspfu1_AssemblyScaffolds.fasta.gz,Aspfu1.filtered_proteins.ExternalModels.gff3.gz,49.8,9781,28608,18827,1.92485430938,84
Aspfu_A1163_1,Aspergillus fumigatus A1163,Aspfu_A1163_1_AssemblyScaffolds.fasta.gz,Aspfu_A1163_1.filtered_proteins.External_Models.gff3.gz,49.5,9916,29054,19138,1.9300121016499998,84
Aspgl1,Aspergillus glaucus v1.0,Aspgl1_AssemblyScaffolds.fasta.gz,Aspgl1.filtered_proteins.FilteredModels1.gff3.gz,49.4,1313,3915,2601,1.98095963442,1
Aspka1_1,Aspergillus kawachii IFO 4308,Aspka1_1_AssemblyScaffolds.fasta.gz,Aspka1_1.filtered_proteins.ExternalModels.gff3.gz,49.4,11475,35684,24209,2.1097167756,0
Aspni7,Aspergillus niger ATCC 1015 v4.0,Aspni7_AssemblyScaffolds.fasta.gz,Aspni7.filtered_proteins.FilteredModels1.gff3.gz,50.3,3110,10384,7274,2.33890675241,227
Aspni_DSM_1,Aspergillus niger CBS 513.88,Aspni_DSM_1_AssemblyScaffolds.fasta.gz,Aspni_DSM_1.filtered_proteins.ExternalModels.gff3.gz,50.4,14097,50390,36293,2.57451940129,227
Aspni_NRRL3_1,Aspergillus niger NRRL3,Aspni_NRRL3_1_AssemblyScaffolds.fasta.gz,Aspni_NRRL3_1.filtered_proteins.ExternalModels.gff3.gz,49.9,11846,38283,26437,2.23172378862,227
Aspni_bvT_1,Aspergillus niger van Tieghem ATCC 13496 v1.0,Aspni_bvT_1_AssemblyScaffolds.fasta.gz,Aspni_bvT_1.filtered_proteins.FilteredModels1.gff3.gz,49.5,3013,10285,7272,2.4135413209400003,227
Aspnid1,Aspergillus nidulans from AspGD,Aspnid1_AssemblyScaffolds.fasta.gz,Aspnid1.filtered_proteins.AspGD_genes.gff3.gz,50.4,10680,34743,24063,2.2530898876400003,49
Aspnov1,Aspergillus novofumigatus IBT 16806 v1.0,Aspnov1_AssemblyScaffolds.fasta.gz,Aspnov1.filtered_proteins.FilteredModels1.gff3.gz,49.1,7031,23819,16788,2.38771156308,1
Aspoch1,Aspergillus ochraceoroseus IBT 24754 v1.0,Aspoch1_AssemblyScaffolds.fasta.gz,Aspoch1.filtered_proteins.FilteredModels1.gff3.gz,44.2,8924,28780,19856,2.22501120574,1
Aspor1,Aspergillus oryzae RIB40,Aspor1_AssemblyScaffolds.fasta.gz,Aspor1.filtered_proteins.ExternalModels.gff3.gz,48.3,12030,35809,23779,1.97664172901,34
Aspph1,Aspergillus phoenicis (Corda) Thom ATCC 13157 v1.0,Aspph1_AssemblyScaffolds.fasta.gz,Aspph1.filtered_proteins.FilteredModels1.gff3.gz,49.5,11977,40328,28351,2.36712031394,0
Aspste1,Aspergillus steynii IBT 23096 v1.0,Aspste1_AssemblyScaffolds.fasta.gz,Aspste1.filtered_proteins.FilteredModels1.gff3.gz,49.1,1721,5516,3795,2.20511330622,1
Aspsy1,Aspergillus sydowii v1.0,Aspsy1_AssemblyScaffolds.fasta.gz,Aspsy1.filtered_proteins.FilteredModels1.gff3.gz,50.0,135,413,278,2.05925925926,2
Aspte1,Aspergillus terreus NIH 2624,Aspte1_AssemblyScaffolds.fasta.gz,Aspte1.filtered_proteins.ExternalModels.gff3.gz,52.9,1311,4171,2860,2.18154080854,0
Asptu1,Aspergillus tubingensis v1.0,Asptu1_AssemblyScaffolds.fasta.gz,Asptu1.filtered_proteins.FilteredModels1.gff3.gz,49.2,4857,15614,10747,2.2126827259599997,0
Aspve1,Aspergillus versicolor v1.0,Aspve1_AssemblyScaffolds.fasta.gz,Aspve1.filtered_proteins.FilteredModels1.gff3.gz,50.1,1804,5764,3959,2.19456762749,2
Aspwe1,Aspergillus wentii v1.0,Aspwe1_AssemblyScaffolds.fasta.gz,Aspwe1.filtered_proteins.FilteredModels1.gff3.gz,48.0,2195,6947,4750,2.16400911162,0
Aspzo1,Aspergillus zonatus v1.0,Aspzo1_AssemblyScaffolds.fasta.gz,Aspzo1.filtered_proteins.GeneCatalog_2013_12_03_15_38.gff3.gz,48.3,838,2614,1776,2.11933174224,0
Atrsp2,Atractiellales sp. v2.0,Atrsp2_AssemblyScaffolds.fasta.gz,Atrsp2.filtered_proteins.FilteredModels1.gff3.gz,48.5,13860,75615,61755,4.45562770563,0
Aulhe2,Aulographum hederae v2.0,Aulhe2_AssemblyScaffolds.fasta.gz,Aulhe2.filtered_proteins.FilteredModels1.gff3.gz,52.4,12127,32217,20090,1.65663395729,0
Aurde3_1,Auricularia subglabra v2.0,Aurde3_1_AssemblyScaffolds.fasta.gz,Aurde3_1.filtered_proteins.FilteredModels1.gff3.gz,58.6,25459,122185,96722,3.7991280097400004,0
Aurpu_var_mel1,Aureobasidium pullulans var. melanogenum CBS 110374,Aurpu_var_mel1_AssemblyScaffolds.fasta.gz,Aurpu_var_mel1.filtered_proteins.FilteredModels1.gff3.gz,49.8,7472,19075,11603,1.5528640257,3
Aurpu_var_nam1,Aureobasidium pullulans var. namibiae CBS 147.97,Aurpu_var_nam1_AssemblyScaffolds.fasta.gz,Aurpu_var_nam1.filtered_proteins.FilteredModels1.gff3.gz,51.1,6682,17345,10663,1.59577970667,3
Aurpu_var_pul1,Aureobasidium pullulans var. pullulans EXF-150,Aurpu_var_pul1_AssemblyScaffolds.fasta.gz,Aurpu_var_pul1.filtered_proteins.FilteredModels1.gff3.gz,50.0,11866,29461,17595,1.48280802292,3
Aurpu_var_sub1,Aureobasidium pullulans var. subglaciale EXF-2481,Aurpu_var_sub1_AssemblyScaffolds.fasta.gz,Aurpu_var_sub1.filtered_proteins.FilteredModels1.gff3.gz,50.8,10809,27144,16316,1.50948283838,3
Babin1,Babjeviella inositovora NRRL Y-12698 v1.0,Babin1_AssemblyScaffolds.fasta.gz,Babin1.filtered_proteins.FilteredModels2.gff3.gz,48.1,109,143,34,0.311926605505,0
Bacci1,Backusella circina FSU 941 v1.0,Bacci1_AssemblyScaffolds.fasta.gz,Bacci1.filtered_proteins.FilteredModels1.gff3.gz,34.5,993,4422,3429,3.4531722054400005,0
Batde5,Batrachochytrium dendrobatidis JAM81 v1.0,Batde5_scaffolds.fasta.gz,Batde5.filtered_proteins.FilteredModels2.gff3.gz,39.3,3180,14393,11213,3.52610062893,10
Bauco1,Baudoinia compniacensis UAMH 10762 (4089826) v1.0,Bauco1_AssemblyScaffolds.fasta.gz,Bauco1.filtered_proteins.FilteredModels1.gff3.gz,54.8,10513,22548,12004,1.14182440788,0
Beaba1,Beauveria bassiana ARSEF 2860,Beaba1_AssemblyScaffolds.fasta.gz,Beaba1.filtered_proteins.ExternalModels.gff3.gz,51.5,694,1809,1115,1.6066282420700002,65
Bjead1_1,Bjerkandera adusta v1.0,Bjead1_1_AssemblyScaffolds.fasta.gz,Bjead1_1.filtered_proteins.FilteredModels2.gff3.gz,54.8,15473,86546,71068,4.59303302527,2
Blugr1,Blumeria graminis f.sp. hordei DH14,Blugr1_AssemblyScaffolds.fasta.gz,Blugr1.filtered_proteins.BluGenModels.gff3.gz,44.0,6470,17899,11429,1.7664605873299999,102
Boled1,Boletus edulis v1.0,Boled1_AssemblyScaffolds.fasta.gz,Boled1.filtered_proteins.FilteredModels1.gff3.gz,50.1,16933,82645,65711,3.88064725684,0
Botbo1,Botryobasidium botryosum v1.0,Botbo1_AssemblyScaffolds.fasta.gz,Botbo1.filtered_proteins.FilteredModels1.gff3.gz,52.4,16526,92254,75714,4.5815079269,1
Botci1,Botrytis cinerea v1.0,Botci1_AssemblyScaffolds.fasta.gz,Botci1.filtered_proteins.ExternalModels.gff3.gz,43.1,16447,43357,26910,1.63616465009,39
Bysci1,Byssothecium circinans CBS 675.92 v1.0,Bysci1_AssemblyScaffolds.fasta.gz,Bysci1.filtered_proteins.FilteredModels1.gff3.gz,48.9,4700,12617,7917,1.68446808511,0
Cadsp1,Cadophora sp. DSE1049 v1.0,Cadsp1_AssemblyScaffolds.fasta.gz,Cadsp1.filtered_proteins.FilteredModels1.gff3.gz,45.8,22766,69285,46519,2.04335412457,1
Canar1,Candida arabinofermentans NRRL YB-2248 v1.0,Canar1_AssemblyScaffolds.fasta.gz,Canar1.filtered_proteins.FilteredModels1.gff3.gz,34.7,5861,7828,1928,0.328954103395,4
Canca1,Candida caseinolytica Y-17796 v1.0,Canca1_AssemblyScaffolds.fasta.gz,Canca1.filtered_proteins.FilteredModels1.gff3.gz,45.4,4657,5603,918,0.197122611123,0
Canta1,Candida tanzawaensis NRRL Y-17324 v1.0,Canta1_AssemblyScaffolds.fasta.gz,Canta1.filtered_proteins.FilteredModels1.gff3.gz,45.3,5895,7316,1410,0.239185750636,0
Cante1,Candida tenuis NRRL Y-1498 v1.0,Cante1_genomic_scaffolds.fasta.gz,Cante1.filtered_proteins.FilteredModels3.gff3.gz,42.9,5533,6706,1173,0.212000722935,3
Catan1,Catenaria anguillulae PL171 v1.0,Catan1_AssemblyScaffolds.fasta.gz,Catan1.filtered_proteins.FilteredModels1.gff3.gz,55.9,14188,35442,21223,1.4958415562399998,1
Cenge3,Cenococcum geophilum 1.58 v2.0,Cenge3_AssemblyScaffolds.fasta.gz,Cenge3.filtered_proteins.FilteredModels1.gff3.gz,37.5,14748,43156,28408,1.9262272850599997,1
Cersu1,Ceriporiopsis (Gelatoporia) subvermispora B,Ceriporiopsis_subvermispora.unmasked.fasta.gz,Cersu1.filtered_proteins.FilteredModels1.gff3.gz,53.8,12125,80856,68730,5.66845360825,4
Cerun2,Cerrena unicolor v1.1,Cerun2_AssemblyScaffolds.fasta.gz,Cerun2.filtered_proteins.FilteredModels1.gff3.gz,47.5,12966,77141,64175,4.9494832639199995,0
Cerzm1,Cercospora zeae-maydis v1.0,Cerzm1_AssemblyScaffolds.fasta.gz,Cerzm1.filtered_proteins.FilteredModels1.gff3.gz,48.5,5886,13532,7646,1.29901461094,0
Chagl_1,Chaetomium globosum v1.0,Chagl_1_assembly_scaffolds.fasta.gz,Chagl_1.filtered_proteins.Chagl_1_BroadGeneModels.gff3.gz,55.6,398,1287,889,2.2336683417099996,18
Chalo1,Chalara longipes BDJ v1.0,Chalo1_AssemblyScaffolds.fasta.gz,Chalo1.filtered_proteins.FilteredModels1.gff3.gz,47.5,8505,26311,17806,2.0935920047,1
Chove1,Choiromyces venosus 120613-1 v1.0,Chove1_AssemblyScaffolds.fasta.gz,Chove1.filtered_proteins.FilteredModels1.gff3.gz,43.5,12978,37930,24952,1.92263831099,1
Clafu1,Cladosporium fulvum v1.0,Clafu1_AssemblyScaffolds.fasta.gz,Clafu1.filtered_proteins.ExternalModels.gff3.gz,48.8,14127,30740,16613,1.17597508317,7
Clagr3,Cladonia grayi Cgr/DA2myc/ss v2.0,Clagr3_AssemblyScaffolds.fasta.gz,Clagr3.filtered_proteins.Maker.gff3.gz,44.4,11389,34527,23138,2.03160944771,0
Clapy1,Clavicorona pyxidata HHB10654 v1.0,Clapy1_AssemblyScaffolds.fasta.gz,Clapy1.filtered_proteins.FilteredModels1.gff3.gz,54.7,15130,85828,70698,4.6727032386000005,1
Cocca1,Cochliobolus carbonum 26-R-13 v1.0,Cocca1_AssemblyScaffolds.fasta.gz,Cocca1.filtered_proteins.FilteredModels1.gff3.gz,50.8,6480,16727,10247,1.5813271604899999,0
CocheC4_1,Cochliobolus heterostrophus C4 v1.0,CocheC4_1_AssemblyScaffolds.fasta.gz,CocheC4_1.filtered_proteins.FilteredModels1.gff3.gz,50.7,6759,18075,11315,1.6740642106799999,2
Cocim1,Coccidioides immitis RS ,Cocim1_AssemblyScaffolds.fasta.gz,Cocim1.filtered_proteins.BroadModels.gff3.gz,46.0,9910,32304,22394,2.25973763875,6
Coclu2,Cochliobolus lunatus m118 v2.0,Coclu2_AssemblyScaffolds.fasta.gz,Coclu2.filtered_proteins.FilteredModels1.gff3.gz,50.9,12131,31591,19458,1.6039897782499999,0
Cocmi1,Cochliobolus miyabeanus ATCC 44560 v1.0,Cocmi1_AssemblyScaffolds.fasta.gz,Cocmi1.filtered_proteins.FilteredModels1.gff3.gz,50.5,12007,31759,19752,1.6450403931,0
Cocsa1,Cochliobolus sativus ND90Pr v1.0,Cocsa1_AssemblyScaffolds.fasta.gz,Cocsa1.filtered_proteins.FilteredModels1.gff3.gz,49.8,4693,12392,7697,1.6401022799899998,3
Cocvi1,Cochliobolus victoriae FI3 v1.0,Cocvi1_AssemblyScaffolds.fasta.gz,Cocvi1.filtered_proteins.FilteredModels1.gff3.gz,50.1,8194,21181,12987,1.58494020015,0
Coere1,Coemansia reversa NRRL 1564 v1.0,Coere1_AssemblyScaffolds.fasta.gz,Coere1.filtered_proteins.FilteredModels1.gff3.gz,45.2,7347,11129,3780,0.514495712536,0
Colgr1,Colletotrichum graminicola M1.001,Colgr1_AssemblyScaffolds.fasta.gz,Colgr1.filtered_proteins.ExternalModels.gff3.gz,49.1,12006,32967,20961,1.74587706147,23
Colhi1,Colletotrichum higginsianum IMI 349063,Colhi1_AssemblyScaffolds.fasta.gz,Colhi1.filtered_proteins.BroadModels.gff3.gz,55.1,4734,12297,7563,1.59759188847,18
Conco1,Conidiobolus coronatus NRRL28638 v1.0,Conco1_AssemblyScaffolds.fasta.gz,Conco1.filtered_proteins.FilteredModels1.gff3.gz,27.7,10635,29531,18889,1.7761165961400003,2
Conli1,Coniochaeta ligniaria CBS 111746,Conli1_AssemblyScaffolds.fasta.gz,Conli1.filtered_proteins.ExternalModels.gff3.gz,51.9,12318,36736,24418,1.98230232181,1
Conlig1,Coniochaeta ligniaria NRRL 30616 v1.0,Conlig1_AssemblyScaffolds.fasta.gz,Conlig1.filtered_proteins.FilteredModels1.gff3.gz,51.7,13657,36216,22559,1.65182690196,1
Conpu1,Coniophora puteana v1.0,Conpu1_AssemblyScaffolds.fasta.gz,Conpu1.filtered_proteins.FilteredModels1.gff3.gz,52.4,13761,84144,70383,5.11467189884,2
Copci1,Coprinopsis cinerea,Coprinopsis_cinerea.unmasked.fasta.gz,Copci1.filtered_proteins.BroadModels1.gff3.gz,51.7,13393,75796,62403,4.65937430001,63
Copci_AmutBmut1,Coprinopsis cinerea AmutBmut pab1-1 v1.0,Copci_AmutBmut1_AssemblyScaffolds.fasta.gz,Copci_AmutBmut1.filtered_proteins.FilteredModels1.gff3.gz,51.6,14245,77019,62774,4.40673920674,63
Corca1,Corynespora cassiicola CCP v1.0,Corca1_AssemblyScaffolds.fasta.gz,Corca1.filtered_proteins.FilteredModels1.gff3.gz,50.6,17166,44554,27388,1.59547943609,4
Corgl3,Cortinarius glaucopus AT 2004 276 v2.0,Corgl3_AssemblyScaffolds.fasta.gz,Corgl3.filtered_proteins.FilteredModels7.gff3.gz,44.1,20377,102875,82497,4.04853511312,1
Cormi1,Cordyceps militaris CM01,Cormi1_AssemblyScaffolds.fasta.gz,Cormi1.filtered_proteins.ExternalModels.gff3.gz,51.4,9651,28872,19221,1.9916070873500002,5
Croqu1,Cronartium quercuum f. sp. fusiforme G11 v1.0,Croqu1_AssemblyScaffolds.fasta.gz,Croqu1.filtered_proteins.FilteredModels1.gff3.gz,41.1,6941,31337,24360,3.5095807520499998,5
Cryne_H99_1,Cryptococcus neoformans var. grubii H99,Cryptococcus_neoformans_H99.unmasked.fasta.gz,Cryne_H99_1.filtered_proteins.BroadModels1.gff3.gz,48.2,6967,42284,35317,5.06918329267,556
Cryne_JEC21_1,Cryptococcus neoformans var neoformans JEC21,Cryne_JEC21_1_AssemblyScaffolds.fasta.gz,Cryne_JEC21_1.filtered_proteins.ExternalModels.gff3.gz,48.5,6475,41896,35421,5.47042471042,556
Cryvi1,Cryptococcus vishniacii v1.0,Cryvi1_AssemblyScaffolds.fasta.gz,Cryvi1.filtered_proteins.FilteredModels1.gff3.gz,52.9,7232,45186,37954,5.24806415929,0
Cucbe1,Cucurbitaria berberidis CBS 394.84 v1.0,Cucbe1_AssemblyScaffolds.fasta.gz,Cucbe1.filtered_proteins.FilteredModels1.gff3.gz,49.3,12439,33752,21313,1.7134013988299999,0
Cybja1,Cyberlindnera jadinii NRRL Y-1542 v1.0,Cybja1_AssemblyScaffolds.fasta.gz,Cybja1.filtered_proteins.FilteredModels1.gff3.gz,44.5,6038,8125,2087,0.345644253064,6
Cylto1,Cylindrobasidium torrendii v1.0,Cylto1_AssemblyScaffolds.fasta.gz,Cylto1.filtered_proteins.FilteredModels1.gff3.gz,51.9,13940,72058,58118,4.16915351506,0
Dacsp1,Dacryopinax sp. DJM 731 SSP1 v1.0,Dacsp1_AssemblyScaffolds.fasta.gz,Dacsp1.filtered_proteins.FilteredModels1.gff3.gz,52.2,10242,49500,39255,3.83274751025,0
Daequ1,Daedalea quercina v1.0,Daequ1_AssemblyScaffolds.fasta.gz,Daequ1.filtered_proteins.FilteredModels1.gff3.gz,54.9,12199,70773,58574,4.8015411099300005,0
DalEC12_1,Daldinia eschscholzii EC12 v1.0,DalEC12_1_AssemblyScaffolds.fasta.gz,DalEC12_1.filtered_proteins.FilteredModels1.gff3.gz,45.0,11173,32240,21043,1.8833795757599998,6
Debha1,Debaryomyces hansenii,Debha1_AssemblyScaffolds.fasta.gz,Debha1.filtered_proteins.ExternalModels.gff3.gz,36.3,6272,6739,467,0.0744579081633,6
Dekbr2,Dekkera bruxellensis CBS 2499 v2.0,Dekbr2_AssemblyScaffolds.fasta.gz,Dekbr2.filtered_proteins.FilteredModels1.gff3.gz,39.9,5636,7664,2018,0.35805535840999997,2
Delco1,Delitschia confertaspora ATCC 74209 v1.0,Delco1_AssemblyScaffolds.fasta.gz,Delco1.filtered_proteins.FilteredModels1.gff3.gz,48.5,789,2481,1692,2.14448669202,0
Denbi1,Dendrothele bispora CBS 962.96 v1.0,Denbi1_AssemblyScaffolds.fasta.gz,Denbi1.filtered_proteins.FilteredModels1.gff3.gz,44.4,33645,171165,137520,4.08738296924,0
Dicsq1,Dichomitus squalens v1.0,Dicsq1_AssemblyScaffolds.fasta.gz,Dicsq1.filtered_proteins.FilteredModels1.gff3.gz,55.6,12290,71796,59503,4.84157851912,0
Didex1,Didymella exigua CBS 183.55 v1.0,Didex1_AssemblyScaffolds.fasta.gz,Didex1.filtered_proteins.FilteredModels1.gff3.gz,52.8,12394,30433,18003,1.4525576891999998,1
Diocr1,Dioszegia cryoxerica v1.0,Diocr1_AssemblyScaffolds.fasta.gz,Diocr1.filtered_proteins.FilteredModels2.gff3.gz,56.9,15948,85429,69481,4.356721846,0
Disac1,Dissoconium aciculare v1.0,Disac1_AssemblyScaffolds.fasta.gz,Disac1.filtered_proteins.FilteredModels2.gff3.gz,52.7,10299,22319,12020,1.16710360229,1
Dotse1,Dothistroma septosporum NZE10 v1.0,Dotse1_AssemblyScaffolds.fasta.gz,Dotse1.filtered_proteins.FilteredModels1.gff3.gz,53.1,12580,28937,16357,1.3002384737700001,0
Enccu1,Encephalitozoon cuniculi GB-M1,Enccu1_AssemblyScaffolds.fasta.gz,Enccu1.filtered_proteins.GenoscopeModels.gff3.gz,47.3,1996,2011,15,0.00751503006012,3
Enche1,Encephalitozoon hellem ATCC 50504,Enche1_AssemblyScaffolds.fasta.gz,Enche1.filtered_proteins.ExternalModels.gff3.gz,43.4,1847,1883,36,0.0194910665945,0
Encin1,Encephalitozoon intestinalis ATCC 50506,Encin1_AssemblyScaffolds.fasta.gz,Encin1.filtered_proteins.ExternalModels.gff3.gz,41.5,1833,1847,14,0.007637752318600001,0
Encro1,Encephalitozoon romaleae SJ-2008,Encro1_AssemblyScaffolds.fasta.gz,Encro1.filtered_proteins.ExternalModels.gff3.gz,40.4,1831,1864,33,0.018022938285099998,0
Entbi1,Enterocytozoon bieneusi H348,Entbi1_AssemblyScaffolds.fasta.gz,Entbi1.filtered_proteins.ExternalModels.gff3.gz,33.7,3632,3632,0,0.0,0
Eurhe1,Eurotium rubrum v1.0,Eurhe1_AssemblyScaffolds.fasta.gz,Eurhe1.filtered_proteins.FilteredModels1.gff3.gz,48.8,8780,27012,18214,2.07448747153,0
Eutla1,Eutypa lata UCREL1,Eutla1_AssemblyScaffolds.fasta.gz,Eutla1.filtered_proteins.ExternalModels.gff3.gz,46.6,11685,33978,22293,1.90783055199,0
Exova1,Exobasidium vaccinii MPITM v1.0,Exova1_AssemblyScaffolds.fasta.gz,Exova1.filtered_proteins.FilteredModels1.gff3.gz,43.5,7453,20809,13356,1.79203005501,1
Fibra1,Fibroporia radiculosa TFFH 294,Fibra1_AssemblyScaffolds.fasta.gz,Fibra1.filtered_proteins.ExternalModels.gff3.gz,51.2,9262,60105,50843,5.48941913194,7
Fibsp1,Fibulorhizoctonia sp. CBS 109695 v1.0,Fibsp1_AssemblyScaffolds.fasta.gz,Fibsp1.filtered_proteins.FilteredModels1.gff3.gz,51.7,32946,152694,119748,3.6346749226,0
Fishe1,Fistulina hepatica v1.0,Fishe1_AssemblyScaffolds.fasta.gz,Fishe1.filtered_proteins.FilteredModels1.gff3.gz,50.2,11244,64339,53095,4.72207399502,0
Fomme1,Fomitiporia mediterranea v1.0,Fomme1_AssemblyScaffolds.fasta.gz,Fomme1.filtered_proteins.FilteredModels1.gff3.gz,40.8,11333,68698,57364,5.061678284659999,0
Fompi3,Fomitopsis pinicola FP-58527 SS1 v3.0,Fompi3_AssemblyScaffolds.fasta.gz,Fompi3.filtered_proteins.FilteredModels2.gff3.gz,55.7,13885,77240,63352,4.562621534030001,4
Fusfu1,Fusarium fujikuroi IMI 58289,Fusfu1_AssemblyScaffolds.fasta.gz,Fusfu1.filtered_proteins.ExternalModels.gff3.gz,47.5,14813,41578,26765,1.8068588402099999,0
Fusgr1,Fusarium graminearum v1.0,Fusgr1_AssemblyScaffolds.fasta.gz,Fusgr1.filtered_proteins.ExternalModels.gff3.gz,48.3,4547,12674,8127,1.7873323070200002,101
Fusox1,Fusarium oxysporum v1.0,Fusox1_AssemblyScaffolds.fasta.gz,Fusox1.filtered_proteins.ExternalModels.gff3.gz,48.4,1790,4949,3159,1.7648044692700002,72
Fusve1,Fusarium verticillioides 7600,Fusve1_AssemblyScaffolds.fasta.gz,Fusve1.filtered_proteins.BroadModels.gff3.gz,48.7,12512,34851,22339,1.78540601023,20
Galma1,Galerina marginata v1.0,Galma1_AssemblyScaffolds.fasta.gz,Galma1.filtered_proteins.FilteredModels2.gff3.gz,48.0,21461,113698,92176,4.29504682913,0
Ganpr1,Gonapodya prolifera v1.0,Ganpr1_AssemblyScaffolds.fasta.gz,Ganpr1.filtered_proteins.FilteredModels3.gff3.gz,52.4,13902,77525,63608,4.57545676881,1
Gansp1,Ganoderma sp. 10597 SS1 v1.0,Gansp1_AssemblyScaffolds.fasta.gz,Gansp1.filtered_proteins.FilteredModels1.gff3.gz,55.7,12910,75170,62256,4.82230828815,0
Glalo1,Glarea lozoyensis ATCC 20868,Glalo1_AssemblyScaffolds.fasta.gz,Glalo1.filtered_proteins.ExternalModels.gff3.gz,45.8,13083,38836,25753,1.9684323167500002,0
Gloac1,Glomerella acutata (Colletotrichum fiorinae MH 18) v1.0,Gloac1_AssemblyScaffolds.fasta.gz,Gloac1.filtered_proteins.FilteredModels2.gff3.gz,51.8,15777,44590,28813,1.82626608354,0
Gloci1,Glomerella cingulata 23 (Colletotrichum gloeosporoides 23) v1.0,Gloci1_AssemblyScaffolds.fasta.gz,Gloci1.filtered_proteins.FilteredModels1.gff3.gz,52.4,2276,6231,3954,1.7372583479799997,3
Gloin1,Rhizophagus irregularis DAOM 181602 v1.0,Gloin1_AssemblyScaffolds.fasta.gz,Gloin1.filtered_proteins.FilteredModels1.gff3.gz,27.7,396,1382,986,2.4898989899,2
Glost2,Glonium stellatum CBS 207.34 v1.0,Glost2_AssemblyScaffolds.fasta.gz,Glost2.filtered_proteins.FilteredModels1.gff3.gz,48.3,4259,14088,9829,2.3078187367900003,0
Glotr1_1,Gloeophyllum trabeum v1.0,Glotr1_1_AssemblyScaffolds.fasta.gz,Glotr1_1.filtered_proteins.FilteredModels1.gff3.gz,53.2,11846,72787,60941,5.14443694074,0
Grocl1,Grosmannia clavigera kw1407,Grocl1_AssemblyScaffolds.fasta.gz,Grocl1.filtered_proteins.ExternalModels.gff3.gz,53.4,8312,23727,15415,1.8545476419599998,22
Gymau1,Gymnascella aurantiaca v1.0,Gymau1_AssemblyScaffolds.fasta.gz,Gymau1.filtered_proteins.FilteredModels2.gff3.gz,51.2,9106,28388,19282,2.1175049418,1
Gymch1,Gymnopilus chrysopellus PR-1187 v1.0,Gymch1_AssemblyScaffolds.fasta.gz,Gymch1.filtered_proteins.FilteredModels1.gff3.gz,49.5,18193,100221,82028,4.50876710823,0
Gymci1_1,Gymnascella citrina v1.1,Gymci1_1_AssemblyScaffolds.fasta.gz,Gymci1_1.filtered_proteins.FilteredModels1.gff3.gz,51.6,9779,29268,19489,1.9929440638099998,0
Gymlu1,Gymnopus luxurians v1.0,Gymlu1_AssemblyScaffolds.fasta.gz,Gymlu1.filtered_proteins.FilteredModels1.gff3.gz,45.1,22057,116032,93952,4.259509452780001,2
Gyrli1,Gyrodon lividus BX v1.0,Gyrli1_AssemblyScaffolds.fasta.gz,Gyrli1.filtered_proteins.FilteredModels1.gff3.gz,49.0,11779,67772,55993,4.75362934035,0
Hanpo2,Hansenula polymorpha NCYC 495 leu1.1 v2.0,Hanpo2_AssemblyScaffolds.fasta.gz,Hanpo2.filtered_proteins.FilteredModels2.gff3.gz,47.9,5177,6226,1049,0.202627004056,1
Hanva1_1,Hanseniaspora valbyensis NRRL Y-1626 v1.1,Hanva1_1_AssemblyScaffolds.fasta.gz,Hanva1_1.filtered_proteins.FilteredModels1.gff3.gz,26.7,4800,5776,954,0.19875,1
Hebcy2,Hebeloma cylindrosporum h7 v2.0,Hebcy2_AssemblyScaffolds.fasta.gz,Hebcy2.filtered_proteins.FilteredModels1.gff3.gz,48.4,15382,80629,65230,4.24067091406,11
Hetan2,Heterobasidion annosum v2.0,Heterobasidion_annosum.AssembledScaffolds.fasta.gz,Hetan2.filtered_proteins.FrozenGeneCatalog_20120113.gff3.gz,52.2,13383,72148,58763,4.3908690129300005,4
Hisca1,Histoplasma capsulatum NAm1,Hisca1_AssemblyScaffolds.fasta.gz,Hisca1.filtered_proteins.BroadModels.gff3.gz,46.2,9251,30599,21348,2.3076424170400003,28
Hydpi2,Hydnomerulius pinastri v2.0,Hydpi2_AssemblyScaffolds.fasta.gz,Hydpi2.filtered_proteins.FilteredModels1.gff3.gz,50.8,13270,77435,64148,4.83406179352,2
HypCI4A_1,Hypoxylon sp. CI-4A v1.0,HypCI4A_1_AssemblyScaffolds.fasta.gz,HypCI4A_1.filtered_proteins.FilteredModels1.gff3.gz,45.8,11712,33212,21476,1.8336748633900002,12
HypCO275_1,Hypoxylon sp. CO27-5 v1.0,HypCO275_1_AssemblyScaffolds.fasta.gz,HypCO275_1.filtered_proteins.FilteredModels1.gff3.gz,40.5,4461,13029,8562,1.9193006052500001,12
HypEC38_1,Hypoxylon sp. EC38 v1.0,HypEC38_1_AssemblyScaffolds.fasta.gz,HypEC38_1.filtered_proteins.FilteredModels1.gff3.gz,40.1,12261,35018,22748,1.85531359595,12
Hypbu1,Hyphopichia burtonii NRRL Y-1933 v1.0,Hypbu1_AssemblyScaffolds.fasta.gz,Hypbu1.filtered_proteins.FilteredModels1.gff3.gz,35.0,6002,7331,1316,0.21926024658399998,0
Hypsu1,Hypholoma sublateritium v1.0,Hypsu1_AssemblyScaffolds.fasta.gz,Hypsu1.filtered_proteins.FilteredModels1.gff3.gz,51.0,17911,94703,76784,4.28697448495,1
Ilysp1,Ilyonectria sp. v1.0,Ilysp1_AssemblyScaffolds.fasta.gz,Ilysp1.filtered_proteins.FilteredModels2.gff3.gz,51.1,14292,41340,27048,1.8925272879900001,0
Jaaar1,Jaapia argillacea v1.0,Jaaar1_AssemblyScaffolds.fasta.gz,Jaaar1.filtered_proteins.FilteredModels1.gff3.gz,49.8,16419,90839,74409,4.53188379317,0
Klula1,Kluyveromyces lactis,Klula1_AssemblyScaffolds.fasta.gz,Klula1.filtered_proteins.ExternalModels.gff3.gz,38.8,5076,5251,175,0.034475965327,5
Lacam1,Laccaria amethystina LaAM-08-1 v1.0,Lacam1_AssemblyScaffolds.fasta.gz,Lacam1.filtered_proteins.FilteredModels1.gff3.gz,46.9,21066,94674,73587,3.49316434064,1
Lacbi2,Laccaria bicolor v2.0,Lacbi2_AssemblyScaffolds.fasta.gz,Lacbi2.filtered_proteins.FilteredModels1.gff3.gz,46.9,23132,122070,98914,4.27606778489,2
Laesu1,Laetiporus sulphureus var. sulphureus v1.0,Laesu1_AssemblyScaffolds.fasta.gz,Laesu1.filtered_proteins.FilteredModels1.gff3.gz,51.5,13774,78786,65012,4.71990707129,0
Lenfl1,Lentithecium fluviatile v1.0,Lenfl1_AssemblyScaffolds.fasta.gz,Lenfl1.filtered_proteins.FilteredModels1.gff3.gz,48.0,13233,35552,22319,1.6866167913499999,0
Lepmu1,Leptosphaeria maculans,Lepmu1_AssemblyScaffolds.fasta.gz,Lepmu1.filtered_proteins.ExternalModels.gff3.gz,45.2,12469,35201,22732,1.82308124148,10
Leppa1,Lepidopterella palustris v1.0,Leppa1_AssemblyScaffolds.fasta.gz,Leppa1.filtered_proteins.FilteredModels1.gff3.gz,46.2,13870,41837,27967,2.0163662581099997,0
Leumo1,Leucogyrophana mollusca KUC20120723A-06 v1.0,Leumo1_AssemblyScaffolds.fasta.gz,Leumo1.filtered_proteins.FilteredModels1.gff3.gz,51.7,14619,86061,71442,4.88692797045,1
Lichy1,Lichtheimia hyalospora v1.0,Lichy1_AssemblyScaffolds.fasta.gz,Lichy1.filtered_proteins.FilteredModels1.gff3.gz,39.3,2904,14978,12074,4.15771349862,0
Lipst1_1,Lipomyces starkeyi NRRL Y-11557 v1.0,Lipst1_1_AssemblyScaffolds.fasta.gz,Lipst1_1.filtered_proteins.FilteredModels1.gff3.gz,46.9,8192,23318,15103,1.8436279296900002,1
Lopma1,Lophiostoma macrostomum v1.0,Lopma1_AssemblyScaffolds.fasta.gz,Lopma1.filtered_proteins.FilteredModels1.gff3.gz,50.8,7306,20438,13132,1.79742677252,1
Lopmy1,Lophium mytilinum CBS 269.34 v1.0,Lopmy1_AssemblyScaffolds.fasta.gz,Lopmy1.filtered_proteins.FilteredModels1.gff3.gz,50.1,15153,43632,28479,1.87942981588,1
Macan1,Macroventuria anomochaeta CBS 525.71 v1.0,Macan1_AssemblyScaffolds.fasta.gz,Macan1.filtered_proteins.FilteredModels1.gff3.gz,52.6,12954,32261,19307,1.49042766713,1
Macfu1,Macrolepiota fuliginosa v1.0,Macfu1_AssemblyScaffolds.fasta.gz,Macfu1.filtered_proteins.FilteredModels4.gff3.gz,48.2,15801,85149,69348,4.3888361496099995,0
Macph1,Macrophomina phaseolina MS6,Macph1_AssemblyScaffolds.fasta.gz,Macph1.filtered_proteins.ExternalModels.gff3.gz,52.3,13806,34573,20767,1.5042010719999999,0
Maggr1,Magnaporthe grisea v1.0,Maggr1_AssemblyScaffolds.fasta.gz,Maggr1.filtered_proteins.ExternalModels.gff3.gz,51.6,11054,30705,19651,1.77772751945,1
Malgl1,Malassezia globosa,Malassezia_globosa.unmasked.fasta.gz,Malgl1.filtered_proteins.PGModels1.gff3.gz,52.1,4286,6377,2091,0.487867475502,0
Malsy1_1,Malassezia sympodialis ATCC 42132,Malsy1_1_AssemblyScaffolds.fasta.gz,Malsy1_1.filtered_proteins.ExternalModels.gff3.gz,59.1,3517,6971,3454,0.9820870059710001,0
Melbi2,Meliniomyces bicolor E v2.0,Melbi2_AssemblyScaffolds.fasta.gz,Melbi2.filtered_proteins.FilteredModels2.gff3.gz,38.6,3040,9089,6049,1.98980263158,0
Mellp1,Melampsora laricis-populina v1.0,Melampsora_laricis_populina.AssembledScaffolds.fasta.gz,Mellp1.filtered_proteins.FilteredModels3.gff3.gz,41.0,3285,15844,12559,3.8231354642300004,0
Melpu1,Melanomma pulvis-pyrius v1.0,Melpu1_AssemblyScaffolds.fasta.gz,Melpu1.filtered_proteins.FilteredModels1.gff3.gz,50.7,15881,43935,28054,1.76651344374,0
Melsp1,Melanconium sp. NRRL 54901 v1.0,Melsp1_AssemblyScaffolds.fasta.gz,Melsp1.filtered_proteins.FilteredModels1.gff3.gz,48.0,608,1724,1116,1.8355263157900004,0
Melva1,Meliniomyces variabilis F v1.0,Melva1_AssemblyScaffolds.fasta.gz,Melva1.filtered_proteins.FilteredModels1.gff3.gz,47.6,20389,61938,41549,2.03781450782,1
Metac1,Metarhizium acridum CQMa 102,Metac1_AssemblyScaffolds.fasta.gz,Metac1.filtered_proteins.ExternalModels.gff3.gz,49.9,6046,16297,10251,1.6955011577899999,2
Metan1,Metarhizium robertsii ARSEF 23,Metan1_AssemblyScaffolds.fasta.gz,Metan1.filtered_proteins.ExternalModels.gff3.gz,51.5,10583,28326,17743,1.67655674194,10
Metbi1,Metschnikowia bicuspidata NRRL YB-4993 v1.0,Metbi1_AssemblyScaffolds.fasta.gz,Metbi1.filtered_proteins.FilteredModels1.gff3.gz,47.9,5851,7408,1531,0.26166467270599997,0
Micca1,Microsporum canis CBS 113480,Micca1_AssemblyScaffolds.fasta.gz,Micca1.filtered_proteins.BroadModels.gff3.gz,47.5,8915,28611,19696,2.20931015143,8
Mixos1,Mixia osmundae IAM 14324 v1.0,Mixos1_AssemblyScaffolds.fasta.gz,Mixos1.filtered_proteins.FilteredModels1.gff3.gz,55.5,6903,31373,24461,3.5435317977699996,1
Monha1,Monacrosporium haptotylum CBS 200.50,Monha1_AssemblyScaffolds.fasta.gz,Monha1.filtered_proteins.ExternalModels.gff3.gz,45.3,10959,36264,25305,2.30906104572,3
Monpe1_1,Moniliophthora perniciosa FA553,Monpe1_1_AssemblyScaffolds.fasta.gz,Monpe1_1.filtered_proteins.ExternalModels.gff3.gz,47.9,13560,46187,32627,2.40612094395,10
Monpu1,Monascus purpureus v1.0,Monpu1_AssemblyScaffolds.fasta.gz,Monpu1.filtered_proteins.FilteredModels1.gff3.gz,49.0,8918,28491,19573,2.19477461314,1
Monru1,Monascus ruber NRRL 1597 v1.0,Monru1_AssemblyScaffolds.fasta.gz,Monru1.filtered_proteins.FilteredModels1.gff3.gz,48.9,5380,17128,11748,2.18364312268,0
Morco1,Morchella conica CCBAS932 v1.0,Morco1_AssemblyScaffolds.fasta.gz,Morco1.filtered_proteins.FilteredModels1.gff3.gz,47.2,10909,38272,27363,2.50829590247,1
Morel1,Mortierella elongata v1.0,Morel1_AssemblyScaffolds.fasta.gz,Morel1.filtered_proteins.FilteredModels1.gff3.gz,48.1,2505,8821,6316,2.5213572854299997,0
Mucci2,Mucor circinelloides CBS277.49 v2.0,Mucor_circinelloides_v2_scaffolds.fasta.gz,Mucci2.filtered_proteins.FilteredModels1.gff3.gz,42.2,5075,18947,13872,2.73339901478,16
Mycfi2,Mycosphaerella fijiensis v2.0,Mycosphaerella_fijiensis_v2_AssemblyScaffolds.fasta.gz,Mycfi2.filtered_proteins.FrozenGeneCatalog_20100402.gff3.gz,45.2,13107,47511,34402,2.62470435645,0
Myrdu1,Myriangium duriaei CBS 260.36 v1.0,Myrdu1_AssemblyScaffolds.fasta.gz,Myrdu1.filtered_proteins.FilteredModels1.gff3.gz,52.2,10685,25327,14642,1.3703322414599999,0
Nadfu1,Nadsonia fulvescens var. elongata DSM 6958 v1.0,Nadfu1_AssemblyScaffolds.fasta.gz,Nadfu1.filtered_proteins.FilteredModels1.gff3.gz,39.3,5657,8862,3201,0.565847622415,0
Necha2,Nectria haematococca v2.0,Necha2_scaffolds.fasta.gz,Necha2.filtered_proteins.FilteredModels1.gff3.gz,50.8,9665,29373,19708,2.03911019141,0
Nempa1,Nematocida parisii ERTm1,Nempa1_AssemblyScaffolds.fasta.gz,Nempa1.filtered_proteins.BroadModels.gff3.gz,34.4,2661,2663,2,0.0007515971439310002,23
Neofi1,Neosartorya fischeri NRRL 181,Neofi1_AssemblyScaffolds.fasta.gz,Neofi1.filtered_proteins.ExternalModels.gff3.gz,49.4,10406,30984,20578,1.9775129732799999,0
Neole1,Neolentinus lepideus v1.0,Neole1_AssemblyScaffolds.fasta.gz,Neole1.filtered_proteins.FilteredModels1.gff3.gz,50.9,13164,75210,62046,4.71330902461,1
Neopa1,Neofusicoccum parvum UCRNP2,Neopa1_AssemblyScaffolds.fasta.gz,Neopa1.filtered_proteins.ExternalModels.gff3.gz,56.8,10366,32758,22392,2.16013891569,12
Neucr2,Neurospora crassa OR74A v2.0,Neucr2_AssemblyScaffolds.fasta.gz,Neucr2.filtered_proteins.BroadModels.gff3.gz,48.3,10785,30794,20009,1.85526193788,506
Neucr_trp3_1,Neurospora crassa FGSC 73 trp-3 v1.0,Neucr_trp3_1_AssemblyScaffolds.fasta.gz,Neucr_trp3_1.filtered_proteins.FilteredModels3.gff3.gz,48.9,2711,7335,4618,1.7034304684600001,506
Neudi1,Neurospora discreta FGSC 8579 mat A,Neurospora_discreta.AssemblyScaffolds.fasta.gz,Neudi1.filtered_proteins.FilteredModels2.gff3.gz,49.5,389,1001,612,1.5732647814899998,8
Neute_mat_a1,Neurospora tetrasperma FGSC 2509 mat a v1.0,Neurospora_tetrasperma_mata_AssemblyScaffolds.fasta.gz,Neute_mat_a1.filtered_proteins.FilteredModels1.gff3.gz,49.7,1273,3584,2311,1.8153967007099998,8
Nosce1,Nosema ceranae BRL01,Nosce1_AssemblyScaffolds.fasta.gz,Nosce1.filtered_proteins.ExternalModels.gff3.gz,25.3,2060,2066,6,0.00291262135922,6
Obbri1,Obba rivulosa 3A-2 v1.0,Obbri1_AssemblyScaffolds.fasta.gz,Obbri1.filtered_proteins.FilteredModels1.gff3.gz,53.6,13206,79539,66333,5.02294411631,1
Oidma1,Oidiodendron maius Zn v1.0,Oidma1_AssemblyScaffolds.fasta.gz,Oidma1.filtered_proteins.FilteredModels1.gff3.gz,47.1,510,1471,961,1.8843137254900002,6
Ompol1,Omphalotus olearius,Ompol1_AssemblyScaffolds.fasta.gz,Ompol1.filtered_proteins.ExternalModels.gff3.gz,47.4,2128,16142,14014,6.58552631579,0
Ophdi1,Ophiobolus disseminans CBS 113818 v1.0,Ophdi1_AssemblyScaffolds.fasta.gz,Ophdi1.filtered_proteins.FilteredModels1.gff3.gz,51.7,16027,41581,25554,1.5944343919600001,1
Ophpc1,Ophiostoma piceae UAMH 11346,Ophpc1_AssemblyScaffolds.fasta.gz,Ophpc1.filtered_proteins.ExternalModels.gff3.gz,53.4,8884,20072,11188,1.25934263845,0
Pacta1_2,Pachysolen tannophilus NRRL Y-2460 v1.2,Pacta1_2_AssemblyScaffolds.fasta.gz,Pacta1_2.filtered_proteins.Filteredmodels2.gff3.gz,29.9,5675,7541,1846,0.325286343612,0
Parbr1,Paracoccidioides brasiliensis Pb03,Parbr1_AssemblyScaffolds.fasta.gz,Parbr1.filtered_proteins.BroadModels.gff3.gz,44.5,7876,27450,19574,2.48527171153,0
Paxin1,Paxillus involutus ATCC 200175 v1.0,Paxin1_AssemblyScaffolds.fasta.gz,Paxin1.filtered_proteins.FilteredModels1.gff3.gz,50.2,17968,89577,71601,3.98491763134,6
Paxru1,Paxillus rubicundulus Ve08.2h10 v1.0,Paxru1_AssemblyScaffolds.fasta.gz,Paxru1.filtered_proteins.FilteredModels1.gff3.gz,48.0,22065,84123,62006,2.81015182416,0
Penac1,Talaromyces aculeatus ATCC 10409 v1.0,Penac1_AssemblyScaffolds.fasta.gz,Penac1.filtered_proteins.FilteredModels1.gff3.gz,46.6,13793,43599,29806,2.16095120713,1
Penbi1,Penicillium bilaiae ATCC 20851 v1.0,Penbi1_AssemblyScaffolds.fasta.gz,Penbi1.filtered_proteins.FilteredModels1.gff3.gz,47.0,13606,40576,26970,1.9822137292400002,0
PenbrAgRF18_1,Penicillium brevicompactum AgRF18 v1.0,PenbrAgRF18_1_AssemblyScaffolds.fasta.gz,PenbrAgRF18_1.filtered_proteins.FilteredModels1.gff3.gz,49.3,7183,21801,14618,2.03508283447,1
Penca1,Penicillium canescens ATCC 10419 v1.0,Penca1_AssemblyScaffolds.fasta.gz,Penca1.filtered_proteins.FilteredModels1.gff3.gz,49.1,12374,38553,26178,2.11556489413,0
Pench1,Penicillium chrysogenum v1.0,Pench1_AssemblyScaffolds.fasta.gz,Pench1.filtered_proteins.FilteredModels1.gff3.gz,48.8,11396,35513,24117,2.11626886627,3
PenchWisc1_1,Penicillium chrysogenum Wisconsin 54-1255,PenchWisc1_1_AssemblyScaffolds.fasta.gz,PenchWisc1_1.filtered_proteins.ExternalModels.gff3.gz,49.0,13671,41997,28326,2.07197717797,3
Pendi1,Penicillium digitatum PHI26,Pendi1_AssemblyScaffolds.fasta.gz,Pendi1.filtered_proteins.ExternalModels.gff3.gz,48.9,9118,24305,15187,1.6656064926499998,8
Penex1,Penicillium expansum ATCC 24692 v1.0,Penex1_AssemblyScaffolds.fasta.gz,Penex1.filtered_proteins.FilteredModels1.gff3.gz,47.4,3749,11674,7925,2.11389703921,8
Penfe1,Penicillium fellutanum ATCC 48694 v1.0,Penfe1_AssemblyScaffolds.fasta.gz,Penfe1.filtered_proteins.FilteredModels1.gff3.gz,48.5,8208,25772,17564,2.13986354776,0
Pengl1,Penicillium glabrum DAOM 239074 v1.0,Pengl1_AssemblyScaffolds.fasta.gz,Pengl1.filtered_proteins.FilteredModels1.gff3.gz,48.3,5720,17564,11844,2.07062937063,0
Penja1,Penicillium janthinellum ATCC 10455 v1.0,Penja1_AssemblyScaffolds.fasta.gz,Penja1.filtered_proteins.FilteredModels1.gff3.gz,51.0,6663,20819,14156,2.1245685126800002,2
Penla1,Penicillium lanosocoeruleum ATCC 48919 v1.0,Penla1_AssemblyScaffolds.fasta.gz,Penla1.filtered_proteins.FilteredModels1.gff3.gz,48.7,7416,23017,15601,2.10369471413,1
Penox1,Penicillium oxalicum 114-2,Penox1_AssemblyScaffolds.fasta.gz,Penox1.filtered_proteins.ExternalModels.gff3.gz,50.7,9979,29452,19473,1.9513979356599997,40
Penra1,Penicillium raistrickii ATCC 10490 v1.0,Penra1_AssemblyScaffolds.fasta.gz,Penra1.filtered_proteins.FilteredModels1.gff3.gz,46.6,10210,31562,21352,2.09128305583,1
Phaal1,Phaeoacremonium aleophilum UCRPA7,Phaal1_AssemblyScaffolds.fasta.gz,Phaal1.filtered_proteins.ExternalModels.gff3.gz,49.7,8834,24561,15727,1.78028073353,9
Phaca1,Phanerochaete carnosa HHB-10118-Sp v1.0,Phaca1_AssemblyScaffolds.fasta.gz,Phaca1.filtered_proteins.FilteredModels4.gff3.gz,53.1,13937,74759,60819,4.363851618,1
Phchr2,Phanerochaete chrysosporium RP-78 v2.2,Phchr2_AssemblyScaffolds.fasta.gz,Phchr2.filtered_proteins.FilteredModels1.gff3.gz,56.8,13602,73603,60001,4.411189530950001,6
Phlbr1,Phlebia brevispora HHB-7030 SS6 v1.0,Phlbr1_AssemblyScaffolds.fasta.gz,Phlbr1.filtered_proteins.FilteredModels1.gff3.gz,52.0,16170,91546,75375,4.66141001855,0
Phlgi1,Phlebiopsis gigantea v1.0,Phlgi1_AssemblyScaffolds.fasta.gz,Phlgi1.filtered_proteins.FilteredModels2.gff3.gz,54.8,11891,71317,59426,4.99756118072,8
Photr1,Phoma tracheiphila IPT5 v1.0,Photr1_AssemblyScaffolds.fasta.gz,Photr1.filtered_proteins.FilteredModels1.gff3.gz,51.4,8501,22996,14495,1.70509351841,0
Phybl2,Phycomyces blakesleeanus NRRL1555 v2.0,Phycomyces_blakesleeanus_v2_scaffolds.fasta.gz,Phybl2.filtered_proteins.FilteredModels3.gff3.gz,35.8,1551,6986,5435,3.5041908446199996,1
Picme2,Pichia membranifaciens v2.0,Picme2_AssemblyScaffolds.fasta.gz,Picme2.filtered_proteins.FilteredModels1.gff3.gz,45.1,5546,6816,1227,0.221240533718,2
Picpa1,Pichia pastoris,Picpa1_AssemblyScaffolds.fasta.gz,Picpa1.filtered_proteins.ExternalModels.gff3.gz,41.1,5040,5612,572,0.11349206349199999,15
Picst3,Pichia stipitis v2.0,pichia.AssembledScaffolds.fasta.gz,Picst3.filtered_proteins.GeneCatalog.gff3.gz,41.1,669,924,255,0.38116591928300003,2
Pieho1_1,Piedraia hortae v1.1,Pieho1_1_AssemblyScaffolds.fasta.gz,Pieho1_1.filtered_proteins.FilteredModels1.gff3.gz,52.2,7572,13903,6331,0.836106708928,0
Pilcr1,Piloderma croceum F 1598 v1.0,Pilcr1_AssemblyScaffolds.fasta.gz,Pilcr1.filtered_proteins.FilteredModels1.gff3.gz,46.3,21583,102528,80921,3.7492934253800003,6
PirE2_1,Piromyces sp. E2 v1.0,PirE2_1_AssemblyScaffolds.fasta.gz,PirE2_1.filtered_proteins.FilteredModels1.gff3.gz,21.8,14648,45229,30577,2.0874522119099996,0
Pirin1,Piriformospora indica DSM 11827 from MPI,Pirin1_AssemblyScaffolds.fasta.gz,Pirin1.filtered_proteins.ExternalModels1.gff3.gz,50.7,11767,60685,48916,4.15704937537,0
Pismi1,Pisolithus microcarpus 441 v1.0,Pismi1_AssemblyScaffolds.fasta.gz,Pismi1.filtered_proteins.FilteredModels1.gff3.gz,49.0,21064,85126,64041,3.0403057349,24
Pisti1,Pisolithus tinctorius Marx 270 v1.0,Pisti1_AssemblyScaffolds.fasta.gz,Pisti1.filtered_proteins.FilteredModels1.gff3.gz,48.9,22701,93250,70519,3.10642702965,2
PleosPC15_2,Pleurotus ostreatus PC15 v2.0,PleosPC15_2_Assembly_scaffolds.fasta.gz,PleosPC15_2.filtered_proteins.FilteredModels1.gff3.gz,50.9,12330,75035,62704,5.08548256285,2
Plesi1,Pleomassaria siparia v1.0,Plesi1_AssemblyScaffolds.fasta.gz,Plesi1.filtered_proteins.FilteredModels1.gff3.gz,47.4,9079,25744,16665,1.8355545765,0
Plicr1,Plicaturopsis crispa v1.0,Plicr1_AssemblyScaffolds.fasta.gz,Plicr1.filtered_proteins.FilteredModels1.gff3.gz,53.7,13626,79621,65978,4.84206663731,0
Pneji1,Pneumocystis jirovecii,Pneji1_AssemblyScaffolds.fasta.gz,Pneji1.filtered_proteins.ExternalModels.gff3.gz,28.4,3520,20191,16671,4.73607954545,10
Podan2,Podospora anserina S mat+,Podan2_AssemblyScaffolds.fasta.gz,Podan2.filtered_proteins.GenoscopeModels.gff3.gz,52.2,1520,3669,2147,1.4125,7
Polar1,Polyporus arcularius v1.0,Polar1_AssemblyScaffolds.fasta.gz,Polar1.filtered_proteins.FilteredModels1.gff3.gz,57.0,17525,92365,74840,4.27047075606,0
Polci1,Polychaeton citri v1.0,Polci1_AssemblyScaffolds.fasta.gz,Polci1.filtered_proteins.FilteredModels1.gff3.gz,51.5,10582,22439,11857,1.12048762049,0
PosplRSB12_1,Postia placenta MAD-698-R-SB12 v1.0,PosplRSB12_1_AssemblyScaffolds.fasta.gz,PosplRSB12_1.filtered_proteins.FilteredModels1.gff3.gz,53.8,12541,78157,65610,5.23164022008,3
Psean1_1,Pseudozyma antarctica T-34,Psean1_1_AssemblyScaffolds.fasta.gz,Psean1_1.filtered_proteins.ExternalModels.gff3.gz,61.1,6640,11452,4812,0.7246987951809999,0
Psehu1,Pseudozyma hubeiensis SY62,Psehu1_AssemblyScaffolds.fasta.gz,Psehu1.filtered_proteins.ExternalModels.gff3.gz,56.5,7472,10953,3481,0.465872591006,0
Pucgr1,Puccinia graminis,Puccinia_graminis.unmasked.fasta.gz,Pucgr1.filtered_proteins.BroadModels1.gff3.gz,43.4,684,3301,2617,3.8260233918099997,0
Pucst1,Puccinia striiformis f. sp. tritici PST-130 ,Pucst1_AssemblyScaffolds.fasta.gz,Pucst1.filtered_proteins.ExternalModels.gff3.gz,44.4,0,0,0,,61
Punst1,Punctularia strigosozonata v1.0,Punst1_AssemblyScaffolds.fasta.gz,Punst1.filtered_proteins.FilteredModels1.gff3.gz,55.2,11538,71843,60304,5.2265557289,9
Pycci1,Pycnoporus cinnabarinus BRFM 137,Pycci1_AssemblyScaffolds.fasta.gz,Pycci1.filtered_proteins.ExternalModels.gff3.gz,55.7,10442,61298,50856,4.87033135415,0
Pycco1662_1,Pycnoporus coccineus CIRM1662,Pycco1662_1_AssemblyScaffolds.fasta.gz,Pycco1662_1.filtered_proteins.FilteredModels1.gff3.gz,56.5,12798,74601,61803,4.82911392405,46
Pyrco1,Pyronema confluens CBS100304,Pyrco1_AssemblyScaffolds.fasta.gz,Pyrco1.filtered_proteins.ExternalModels.gff3.gz,47.8,13367,35901,22534,1.68579337174,6
Pyrtr1,Pyrenophora tritici-repentis,Pyrenophora_tritici_repentis_unmasked_assembly.fasta.gz,Pyrtr1.filtered_proteins.broadModels.gff3.gz,51.0,12141,32671,20530,1.6909645004499998,0
Pyrtt1,Pyrenophora teres f. teres,Pyrtt1_AssemblyScaffolds.fasta.gz,Pyrtt1.filtered_proteins.ExternalModels.gff3.gz,50.9,11799,29546,17747,1.50411051784,0
Ramac1,Ramaria rubella (R. acris) UT-36052-T v1.0,Ramac1_AssemblyScaffolds.fasta.gz,Ramac1.filtered_proteins.FilteredModels5.gff3.gz,45.8,19287,106579,87291,4.52589827345,0
Rhich1,Rhizopus microsporus var. chinensis CCTCC M201021,Rhich1_AssemblyScaffolds.fasta.gz,Rhich1.filtered_proteins.ExternalModels.gff3.gz,36.9,17676,80150,62474,3.5343969223800005,0
Rhimi1_1,Rhizopus microsporus var. microsporus ATCC52813 v1.0,Rhimi1_1_AssemblyScaffolds.fasta.gz,Rhimi1_1.filtered_proteins.FilteredModels2.gff3.gz,37.5,10905,43961,33056,3.0312700596099997,0
Rhior3,Rhizopus oryzae 99-880 from Broad,Rhior3_scaffolds.fasta.gz,Rhior3.filtered_proteins.BroadGene.gff3.gz,35.6,17467,57981,40514,2.3194595522999997,4
Rhiso1,Rhizoctonia solani AG-1 IB,Rhiso1_AssemblyScaffolds.fasta.gz,Rhiso1.filtered_proteins.ExternalModels.gff3.gz,48.1,15157,88436,73279,4.83466385169,15
Rhivi1,Rhizopogon vinicolor AM-OR11-026 v1.0,Rhivi1_AssemblyScaffolds.fasta.gz,Rhivi1.filtered_proteins.FilteredModels1.gff3.gz,48.2,14469,80703,66233,4.57757965305,1
Rhoba1_1,Rhodotorula graminis strain WP1 v1.1,Rhoba1_1_AssemblyScaffolds.fasta.gz,Rhoba1_1.filtered_proteins.FilteredModels2.gff3.gz,67.8,7283,45433,38150,5.23822600577,0
Ricme1,Peniophora aff. cinerea v1.0,Ricme1_AssemblyScaffolds.fasta.gz,Ricme1.filtered_proteins.FilteredModels1.gff3.gz,54.3,18952,94316,75364,3.9765723934099997,0
Rozal1_1,Rozella allomycis CSF55,Rozal1_1_AssemblyScaffolds.fasta.gz,Rozal1_1.filtered_proteins.ExternalModels.gff3.gz,34.8,6350,26973,20623,3.24771653543,0
Sacce1,Saccharomyces cerevisiae S288C,Sacce1_AssemblyScaffolds.fasta.gz,Sacce1.filtered_proteins.ExternalModels.gff3.gz,38.3,6575,6860,285,0.043346007604599994,3766
SacceM3707_1,Saccharomyces cerevisiae M3707 Dikaryon,SacceM3707_1_AssemblyScaffolds.fasta.gz,SacceM3707_1.filtered_proteins.FilteredModels1.gff3.gz,38.2,5974,6492,500,0.0836960160696,3766
SacceM3836_1,Saccharomyces cerevisiae M3836 v1.0,SacceM3836_1_AssemblyScaffolds.fasta.gz,SacceM3836_1.filtered_proteins.FilteredModels1.gff3.gz,38.3,5984,6500,494,0.0825534759358,3766
SacceM3837_1,Saccharomyces cerevisiae M3837 v1.0,SacceM3837_1_AssemblyScaffolds.fasta.gz,SacceM3837_1.filtered_proteins.FilteredModels1.gff3.gz,38.2,5969,6498,508,0.08510638297869999,3766
SacceM3838_1,Saccharomyces cerevisiae M3838 v1.0,SacceM3838_1_AssemblyScaffolds.fasta.gz,SacceM3838_1.filtered_proteins.FilteredModels1.gff3.gz,38.2,5991,6519,511,0.0852946085795,3766
SacceM3839_1,Saccharomyces cerevisiae M3839 v1.0,SacceM3839_1_AssemblyScaffolds.fasta.gz,SacceM3839_1.filtered_proteins.FilteredModels1.gff3.gz,38.2,5989,6527,520,0.0868258473869,3766
SacceYB210_1,Saccharomyces cerevisiae YB210 Standard Draft,SacceYB210_1_AssemblyScaffolds.fasta.gz,SacceYB210_1.filtered_proteins.FilteredModels1.gff3.gz,38.2,5994,7176,1182,0.19719719719700002,3766
Saico1,Saitoella complicata NRRL Y-17804 v1.0,Saico1_AssemblyScaffolds.fasta.gz,Saico1.filtered_proteins.FilteredModels1.gff3.gz,52.6,7034,15698,8663,1.2315894228,0
Schco3,Schizophyllum commune H4-8 v3.0,Schco3_AssemblyScaffolds.fasta.gz,Schco3.filtered_proteins.FilteredModels1.gff3.gz,57.5,16319,86053,69734,4.2731785035800005,35
Schco_LoeD_1,Schizophyllum commune Loenen D v1.0,Schco_LoeD_1_AssemblyScaffolds.fasta.gz,Schco_LoeD_1.filtered_proteins.FilteredModels2.gff3.gz,57.5,13827,76748,62921,4.55058942648,35
Schco_TatD_1,Schizophyllum commune Tattone D v1.0,Schco_TatD_1_AssemblyScaffolds.fasta.gz,Schco_TatD_1.filtered_proteins.FilteredModels1.gff3.gz,57.5,15199,80095,64896,4.26975458912,35
Schcy1,Schizosaccharomyces cryophilus OY26,Schcy1_AssemblyScaffolds.fasta.gz,Schcy1.filtered_proteins.BroadModels.gff3.gz,37.7,5180,11129,5949,1.14845559846,3
Schja1,Schizosaccharomyces japonicus yFS275,Schja1_AssemblyScaffolds.fasta.gz,Schja1.filtered_proteins.BroadModels.gff3.gz,43.8,4878,10266,5388,1.10455104551,9
Schoc1,Schizosaccharomyces octosporus yFS286,Schoc1_AssemblyScaffolds.fasta.gz,Schoc1.filtered_proteins.BroadModels.gff3.gz,37.5,4986,10519,5533,1.1097071801,2
Schpa1,Schizopora paradoxa KUC8140 v1.0,Schpa1_AssemblyScaffolds.fasta.gz,Schpa1.filtered_proteins.FilteredModels1.gff3.gz,49.4,17098,98823,81725,4.779798806880001,1
Schpo1,Schizosaccharomyces pombe,Schpo1_AssemblyScaffolds.fasta.gz,Schpo1.filtered_proteins.ExternalModels.gff3.gz,36.0,5134,10439,5305,1.03330736268,498
Sclci1,Scleroderma citrinum Foug A v1.0,Sclci1_AssemblyScaffolds.fasta.gz,Sclci1.filtered_proteins.FilteredModels1.gff3.gz,48.6,21012,90943,69912,3.32724157624,0
Sclsc1,Sclerotinia sclerotiorum v1.0,Sclsc1_AssemblyScaffolds.fasta.gz,Sclsc1.filtered_proteins.ExternalModels.gff3.gz,41.8,14503,40568,26065,1.79721436944,5
Sebve1,Sebacina vermifera MAFF 305830 v1.0,Sebve1_AssemblyScaffolds.fasta.gz,Sebve1.filtered_proteins.FilteredModels1.gff3.gz,48.9,15312,75701,60384,3.9435736677099995,6
Sepmu1,Septoria musiva SO2202 v1.0,Sepmu1_AssemblyScaffolds.fasta.gz,Sepmu1.filtered_proteins.FilteredModels1.gff3.gz,51.1,10233,24925,14689,1.43545392358,3
Seppo1,Septoria populicola v1.0,Seppo1_AssemblyScaffolds.fasta.gz,Seppo1.filtered_proteins.FilteredModels1.gff3.gz,50.3,2369,6117,3720,1.57028281976,3
SerlaS7_3_2,Serpula lacrymans S7.3 v2.0,Serpula_lacrymans_S7_3_v2.unmasked.fasta.gz,SerlaS7_3_2.filtered_proteins.FilteredModels1.gff3.gz,45.3,14495,76165,61667,4.25436357365,1
SerlaS7_9_2,Serpula lacrymans S7.9 v2.0,SerlaS7_9_2_AssemblyScaffolds.fasta.gz,SerlaS7_9_2.filtered_proteins.FilteredModels1.gff3.gz,45.3,12789,73301,60512,4.7315661896900005,1
Serla_varsha1,Serpula lacrymans var shastensis SHA21-2 v1.0,Serla_varsha1_AssemblyScaffolds.fasta.gz,Serla_varsha1.filtered_proteins.FilteredModels1.gff3.gz,44.5,13805,75115,61308,4.440999637809999,1
Settu1,Setosphaeria turcica Et28A v1.0,Settu1_AssemblyScaffolds.fasta.gz,Settu1.filtered_proteins.FilteredModels1.gff3.gz,51.4,11702,31062,19360,1.6544180482,27
Sisbr1,Lentinus tigrinus v1.0,Sisbr1_AssemblyScaffolds.fasta.gz,Sisbr1.filtered_proteins.FilteredModels1.gff3.gz,56.1,15653,87180,71527,4.56953938542,2
Sisni1,Sistotremastrum niveocremeum HHB9708 ss-1 1.0,Sisni1_AssemblyScaffolds.fasta.gz,Sisni1.filtered_proteins.FilteredModels1.gff3.gz,49.2,13080,77886,64806,4.95458715596,0
Sissu1,Sistotremastrum suecicum v1.0,Sissu1_AssemblyScaffolds.fasta.gz,Sissu1.filtered_proteins.FilteredModels1.gff3.gz,49.3,13657,77892,64235,4.70344878084,0
Spapa3,Spathaspora passalidarum NRRL Y-27907 v2.0,Spapa3_genomic_scaffolds.fasta.gz,Spapa3.filtered_proteins.FilteredModels1.gff3.gz,37.4,5983,7207,1223,0.204412502089,2
Sphst1,Sphaerobolus stellatus v1.0,Sphst1_AssemblyScaffolds.fasta.gz,Sphst1.filtered_proteins.FilteredModels1.gff3.gz,44.4,35274,164620,129318,3.6660996768199996,1
Spore1,Sporisorium reilianum SRZ2,Spore1_AssemblyScaffolds.fasta.gz,Spore1.filtered_proteins.ExternalModels.gff3.gz,59.9,6648,9710,3062,0.46058965102300004,4
Spoth2,Myceliophthora thermophila (Sporotrichum thermophile) v2.0,Spoth2_AssemblyScaffolds.fasta.gz,Spoth2.filtered_proteins.FilteredModels2.gff3.gz,51.5,1988,5649,3660,1.8410462776700003,18
Stano2,Stagonospora nodorum SN15 v2.0,Stano2_AssemblyScaffolds.fasta.gz,Stano2.filtered_proteins.ExternalModels.gff3.gz,50.4,12380,32994,20614,1.66510500808,0
Stehi1,Stereum hirsutum FP-91666 SS1 v1.0,Stehi1_AssemblyScaffolds.fasta.gz,Stehi1.filtered_proteins.FilteredModels1.gff3.gz,51.3,14072,91696,77623,5.51613132462,0
Suibr1,Suillus brevipes v1.0,Suibr1_AssemblyScaffolds.fasta.gz,Suibr1.filtered_proteins.FilteredModels1.gff3.gz,48.1,22453,101999,79546,3.5427782479000003,1
Suilu1,Suillus luteus UH-Slu-Lm8-n1 v1.0,Suilu1_AssemblyScaffolds.fasta.gz,Suilu1.filtered_proteins.FilteredModels1.gff3.gz,48.0,18316,87779,69415,3.78985586373,4
Symko1,Symbiotaphrina kochii v1.0,Symko1_AssemblyScaffolds.fasta.gz,Symko1.filtered_proteins.FilteredModels2.gff3.gz,51.6,10482,34636,24154,2.3043312344999998,0
Talma1_2,Talaromyces marneffei ATCC 18224,Talma1_2_AssemblyScaffolds.fasta.gz,Talma1_2.filtered_proteins.ExternalModels.gff3.gz,46.7,10638,33631,22993,2.16140251927,9
Talst1_2,Talaromyces stipitatus ATCC 10500,Talst1_2_AssemblyScaffolds.fasta.gz,Talst1_2.filtered_proteins.JCVIModels.gff3.gz,46.1,13252,43638,30386,2.29293691518,0
Tapde1_1,Taphrina deformans,Tapde1_1_AssemblyScaffolds.fasta.gz,Tapde1_1.filtered_proteins.ExternalModels.gff3.gz,49.6,4609,7568,2959,0.64200477327,0
Theau1,Thermoascus aurantiacus v1.0,Theau1_AssemblyScaffolds.fasta.gz,Theau1.filtered_proteins.FilteredModels1.gff3.gz,51.8,8798,29332,20534,2.3339395317099996,0
Thian1,Thielavia antarctica CBS 123565 v1.0,Thian1_AssemblyScaffolds.fasta.gz,Thian1.filtered_proteins.FilteredModels2.gff3.gz,53.0,358,1033,675,1.88547486034,0
Thiap1,Thielavia appendiculata CBS 731.68 v1.0,Thiap1_AssemblyScaffolds.fasta.gz,Thiap1.filtered_proteins.FilteredModels1.gff3.gz,55.8,338,928,590,1.7455621301800002,0
Thiar1,Thielavia arenaria CBS 508.74 v1.0,Thiar1_AssemblyScaffolds.fasta.gz,Thiar1.filtered_proteins.FilteredModels1.gff3.gz,54.8,10954,30720,19766,1.8044549936099996,0
Thihy1,Thielavia hyrcaniae CBS 757.83 v1.0,Thihy1_AssemblyScaffolds.fasta.gz,Thihy1.filtered_proteins.FilteredModels1.gff3.gz,57.7,2759,7792,5033,1.8242116709,0
Thite2,Thielavia terrestris v2.0,Thite2_AssemblyScaffolds.fasta.gz,Thite2.filtered_proteins.FilteredModels2.gff3.gz,54.7,5308,15178,9870,1.85945742276,18
Tilan2,Tilletiaria anomala UBC 951 v1.0,Tilan2_AssemblyScaffolds.fasta.gz,Tilan2.filtered_proteins.FilteredModels1.gff3.gz,56.0,6810,22632,15822,2.32334801762,2
Tralj1,Trametes ljubarskyi CIRM1659 v1.0,Tralj1_AssemblyScaffolds.fasta.gz,Tralj1.filtered_proteins.FilteredModels1.gff3.gz,57.6,13180,75368,62188,4.71836115326,0
Trave1,Trametes versicolor v1.0,Trave1_AssemblyScaffolds.fasta.gz,Trave1.filtered_proteins.FilteredModels1.gff3.gz,57.7,14296,83127,68829,4.81456351427,0
Treme1,Tremella mesenterica Fries v1.0,Treme1_genomic_scaffolds.fasta.gz,Treme1.filtered_proteins.FilteredModels1.gff3.gz,46.7,8313,47812,39499,4.751473595569999,0
Trepe1,Trematosphaeria pertusa CBS 122368 v1.0,Trepe1_AssemblyScaffolds.fasta.gz,Trepe1.filtered_proteins.FilteredModels1.gff3.gz,51.4,5846,16169,10323,1.7658227848099997,1
Trias1,Trichoderma asperellum CBS 433.97 v1.0,Trias1_AssemblyScaffolds.fasta.gz,Trias1.filtered_proteins.FilteredModels1.gff3.gz,47.3,3979,10552,6573,1.6519225936200002,1
Triat2,Trichoderma atroviride v2.0,Trichoderma_atroviride_v2_AssemblyScaffolds.fasta.gz,Triat2.filtered_proteins.FilteredModels1.gff3.gz,49.7,11828,33788,21959,1.8565268853599999,13
Trici4,Trichoderma citrinoviride v4.0,Trici4_AssemblyScaffolds.fasta.gz,Trici4.filtered_proteins.FilteredModels1.gff3.gz,52.4,5465,17033,11568,2.11674290942,0
Triha1,Trichoderma harzianum CBS 226.95 v1.0,Triha1_AssemblyScaffolds.fasta.gz,Triha1.filtered_proteins.FilteredModels1.gff3.gz,47.6,4152,11143,6990,1.6835260115600001,9
Trilo3,Trichoderma longibrachiatum ATCC 18648 v3.0,Trilo3_AssemblyScaffolds.fasta.gz,Trilo3.filtered_proteins.FilteredModels1.gff3.gz,53.0,4925,13392,8467,1.71918781726,3
Trima3,Tricholoma matsutake 945 v3.0,Trima3_AssemblyScaffolds.fasta.gz,Trima3.filtered_proteins.FilteredModels2.gff3.gz,45.4,22885,92270,69384,3.03185492681,1
Triol1,Trichosporon oleaginosus IBC0246 v1.0,Triol1_AssemblyScaffolds.fasta.gz,Triol1.filtered_proteins.FilteredModels1.gff3.gz,60.8,831,3073,2242,2.6979542719599996,0
Trire2,Trichoderma reesei v2.0,Trichoderma_reeseiV2.AssembledScaffolds.fasta.gz,Trire2.filtered_proteins.FrozenGeneCatalog20081022.gff3.gz,52.8,9143,27945,18802,2.05643661818,41
TrireRUTC30_1,Trichoderma reesei RUT C-30 v1.0,TrireRUTC30_1_AssemblyScaffolds.fasta.gz,TrireRUTC30_1.filtered_proteins.FilteredModels1.gff3.gz,53.6,6043,17506,11463,1.89690551051,41
Triru1,Trichophyton rubrum CBS 118892,Triru1_AssemblyScaffolds.fasta.gz,Triru1.filtered_proteins.BroadModels.gff3.gz,48.3,8707,26976,18269,2.0981968531099997,8
Trisp1,Tritirachium sp. CBS 265.96 v1.0,Trisp1_AssemblyScaffolds.fasta.gz,Trisp1.filtered_proteins.FilteredModels1.gff3.gz,39.7,1612,9414,7802,4.83995037221,0
Triver1,Trichophyton verrucosum HKI 0517,Triver1_AssemblyScaffolds.fasta.gz,Triver1.filtered_proteins.ExternalModels.gff3.gz,48.2,8024,20636,12612,1.57178464606,0
TriviGv29_8_2,Trichoderma virens Gv29-8 v2.0,Trichoderma_virens_v2.AssembledScaffolds.fasta.gz,TriviGv29_8_2.filtered_proteins.FilteredModels1.gff3.gz,49.2,12423,36386,23963,1.92892216051,0
Tryvi1,Trypethelium eluteriae v1.0,Tryvi1_AssemblyScaffolds.fasta.gz,Tryvi1.filtered_proteins.FilteredModels1.gff3.gz,48.9,1161,3322,2161,1.8613264427200003,0
Tubme1,Tuber melanosporum from Genoscope,Tubme1_AssemblyScaffolds.fasta.gz,Tubme1.filtered_proteins.Genoscope_genes.gff3.gz,44.9,7496,29021,21525,2.8715314834599996,4
Tulca1,Tulasnella calospora AL13/4D v1.0,Tulca1_AssemblyScaffolds.fasta.gz,Tulca1.filtered_proteins.FilteredModels1.gff3.gz,51.4,19659,91344,71680,3.64616714991,7
Umbra1,Umbelopsis ramanniana AG # v1.0,Umbra1_AssemblyScaffolds.fasta.gz,Umbra1.filtered_proteins.FilteredModels1.gff3.gz,43.2,9931,47141,37210,3.74685328769,0
Uncre1,Uncinocarpus reesii 1704,Uncre1_AssemblyScaffolds.fasta.gz,Uncre1.filtered_proteins.BroadModels.gff3.gz,48.7,5850,18233,12383,2.11675213675,1
Veral1,Verticillium alfalfae VaMs.102,Veral1_AssemblyScaffolds.fasta.gz,Veral1.filtered_proteins.BroadModels.gff3.gz,56.1,2772,7845,5073,1.8300865800900001,0
Verda1,Verticillium dahliae v1.0,Verda1_AssemblyScaffolds.fasta.gz,Verda1.filtered_proteins.ExternalModels.gff3.gz,55.9,10535,29685,19150,1.81775035596,39
Veren1,Verruculina enalia CBS 304.66 v1.0,Veren1_AssemblyScaffolds.fasta.gz,Veren1.filtered_proteins.FilteredModels1.gff3.gz,41.2,13748,39009,25261,1.8374308990400001,1
Volvo1,Volvariella volvacea V23,Volvo1_AssemblyScaffolds.fasta.gz,Volvo1.filtered_proteins.ExternalModels.gff3.gz,48.8,3511,25602,22091,6.29193961834,9
Walic1,Wallemia ichthyophaga EXF-994,Walic1_AssemblyScaffolds.fasta.gz,Walic1.filtered_proteins.ExternalModels.gff3.gz,45.3,4863,16626,11763,2.41887723627,0
Walse1,Wallemia sebi v1.0,Walse1_AssemblyScaffolds.fasta.gz,Walse1.filtered_proteins.FilteredModels2.gff3.gz,40.0,5284,21312,16028,3.0333080999199997,0
Wesor1,Westerdykella ornata CBS 379.55 v1.0,Wesor1_AssemblyScaffolds.fasta.gz,Wesor1.filtered_proteins.FilteredModels1.gff3.gz,53.1,10410,28893,18483,1.77550432277,1
Wican1,Wickerhamomyces anomalus NRRL Y-366-8 v1.0,Wican1_AssemblyScaffolds.fasta.gz,Wican1.filtered_proteins.FilteredModels1.gff3.gz,34.6,313,421,107,0.341853035144,0
Wilmi1,Wilcoxina mikolae CBS 423.85 v1.0,Wilmi1_AssemblyScaffolds.fasta.gz,Wilmi1.filtered_proteins.FilteredModels1.gff3.gz,45.8,13093,42373,29278,2.2361567249700003,0
Wolco1,Wolfiporia cocos MD-104 SS10 v1.0,Wolco1_AssemblyScaffolds.fasta.gz,Wolco1.filtered_proteins.FilteredModels2.gff3.gz,52.2,12746,80404,67651,5.30762592186,1
Xylhe1,Xylona heveae TC161 v1.0,Xylhe1_AssemblyScaffolds.fasta.gz,Xylhe1.filtered_proteins.FilteredModels1.gff3.gz,48.1,3257,10904,7647,2.34786613448,1
Yarli1,Yarrowia lipolytica (strain CLIB122),Yarli1_AssemblyScaffolds.fasta.gz,Yarli1.filtered_proteins.ExternalModels.gff3.gz,49.1,6447,7520,1072,0.166278889406,41
Zasce1,Zasmidium cellare ATCC 36951 v1.0,Zasce1_AssemblyScaffolds.fasta.gz,Zasce1.filtered_proteins.FilteredModels1.gff3.gz,53.4,1179,3049,1870,1.5860899066999998,0
Zoprh1,Zopfia rhizophila v1.0,Zoprh1_AssemblyScaffolds.fasta.gz,Zoprh1.filtered_proteins.FilteredModels1.gff3.gz,33.4,7001,19861,12860,1.83688044565,0
