shortName,LongName,fastaName,gffName,gff3Name
Aaoar1,Aaosphaeria arxii CBS 175.79 v1.0,Aaoar1_AssemblyScaffolds.fasta.gz,Aaoar1_GeneCatalog_genes_20140429.gff.gz,Aaoar1.filtered_proteins.FilteredModels1.gff3.gz
Acain1,Acaromyces ingoldii MCA 4198 v1.0,Acain1_AssemblyScaffolds.fasta.gz,Acain1_GeneCatalog_genes_20150309.gff.gz,NA
Acema1,Acephala macrosclerotiorum EW76-UTF0540 v1.0,Acema1_AssemblyScaffolds.fasta.gz,Acema1_GeneCatalog_genes_20150224.gff.gz,NA
Aciri1_iso,Acidomyces richmondensis BFW,Aciri1_iso_AssemblyScaffolds.fasta.gz,Aciri1_iso_GeneCatalog_genes_20111207.gff.gz,Aciri1_iso.filtered_proteins.FilteredModels1.gff3.gz
Aciri1_meta,Acidomyces richmondensis BFW,Aciri1_meta_AssemblyScaffolds.fasta.gz,Aciri1_meta_GeneCatalog_genes_20111216.gff.gz,Aciri1_meta.filtered_proteins.FilteredModels1.gff3.gz
Acral2,Acremonium alcalophilum v2.0,Acral2_AssemblyScaffolds.fasta.gz,Acral2_GeneCatalog_genes_20110414.gff.gz,Acral2.filtered_proteins.FilteredModels3_1.gff3.gz
Acrst1,Acremonium strictum DS1bioAY4a v1.0,Acrst1_AssemblyScaffolds.fasta.gz,Acrst1_GeneCatalog_genes_20141022.gff.gz,NA
Agabi_varbisH97_2,Agaricus bisporus var bisporus (H97) v2.0,Abisporus_varbisporusH97.v2_AssembledScaffolds.fasta.gz,NA,Agabi_varbisH97_2.filtered_proteins.FilteredModels3.gff3.gz
Agabi_varbur_1,Agaricus bisporus var. burnettii JB137-S8,Abisporus_varburnettii.v2.unmasked.fasta.gz,NA,Agabi_varbur_1.filtered_proteins.FilteredModels1.gff3.gz
Agahy1,Agaricostilbum hyphaenes ATCC MYA-4628 v1.0,Agahy1_MitoScaffolds.fasta.gz,Agahy1_GeneCatalog_genes_20140307.gff.gz,Agahy1.filtered_proteins.FilteredModels1.gff3.gz
Altal1,Alternaria alternata SRC1lrK2f v1.0,Altal1_AssemblyScaffolds.fasta.gz,Altal1_GeneCatalog_genes_20141010.gff.gz,NA
Altbr1,Alternaria brassicicola,Alternaria_brassicicola_unmasked_assembly.fasta.gz,NA,Altbr1.filtered_proteins.External_gene_models.gff3.gz
Amamu1,Amanita muscaria Koide v1.0,Amamu1_AssemblyScaffolds.fasta.gz,Amamu1_GeneCatalog_genes_20120806.gff.gz,Amamu1.filtered_proteins.FilteredModels1.gff3.gz
Amath1,Amanita thiersii Skay4041 v1.0,Amath1_AssemblyScaffolds.fasta.gz,Amath1_GeneCatalog_genes_20120702.gff.gz,Amath1.filtered_proteins.FilteredModels1.gff3.gz
Amnli1,Amniculicola lignicola CBS 123094 v1.0,Amnli1_AssemblyScaffolds.fasta.gz,Amnli1_GeneCatalog_genes_20140304.gff.gz,Amnli1.filtered_proteins.FilteredModels1.gff3.gz
Amore1,Amorphotheca resinae v1.0,Amore1_AssemblyScaffolds.fasta.gz,Amore1_GeneCatalog_genes_20110719.gff.gz,Amore1.filtered_proteins.FilteredModels1.gff3.gz
Antav1,Anthostoma avocetta NRRL 3190 v1.0,Antav1_AssemblyScaffolds.fasta.gz,Antav1_GeneCatalog_genes_20130828.gff.gz,Antav1.filtered_proteins.FilteredModels1.gff3.gz
Antlo1,Antonospora locustae HM-2013,Antlo1_AssemblyScaffolds.fasta.gz,Antlo1_GeneCatalog_genes_20130909.gff.gz,Antlo1.filtered_proteins.ExternalModels.gff3.gz
Antsi1,Antrodia sinuosa v1.0,Antsi1_AssemblyScaffolds.fasta.gz,Antsi1_GeneCatalog_genes_20130416.gff.gz,Antsi1.filtered_proteins.FilteredModels1.gff3.gz
Apimo1,Apiospora montagnei NRRL 25634 v1.0,Apimo1_AssemblyScaffolds.fasta.gz,Apimo1_GeneCatalog_genes_20120813.gff.gz,Apimo1.filtered_proteins.FilteredModels1.gff3.gz
Aplpr1,Aplosporella prunicola CBS 121.167 v1.0,Aplpr1_AssemblyScaffolds.fasta.gz,Aplpr1_GeneCatalog_genes_20121211.gff.gz,Aplpr1.filtered_proteins.FilteredModels1.gff3.gz
Armga1,Armillaria gallica 21-2 v1.0,Armga1_AssemblyScaffolds.fasta.gz,Armga1_GeneCatalog_genes_20141028.gff.gz,NA
Armme1_1,Armillaria mellea,Armme1_1_AssemblyScaffolds.fasta.gz,Armme1_1_GeneCatalog_genes_20140802.gff.gz,NA
Artbe1,Arthroderma benhamiae CBS 112371,Artbe1_AssemblyScaffolds.fasta.gz,Artbe1_GeneCatalog_genes_20131209.gff.gz,Artbe1.filtered_proteins.ExternalModels.gff3.gz
Artel1,Artolenzites elegans CIRM1663 v1.0,Artel1_AssemblyScaffolds.fasta.gz,Artel1_GeneCatalog_genes_20140630.gff.gz,Artel1.filtered_proteins.FilteredModels1.gff3.gz
Artol1,Arthrobotrys oligospora ATCC 24927,Artol1_AssemblyScaffolds.fasta.gz,Artol1_GeneCatalog_genes_20131209.gff.gz,Artol1.filtered_proteins.ExternalModels.gff3.gz
Arxad1,Blastobotrys (Arxula) adeninivorans,Arxad1_AssemblyScaffolds.fasta.gz,Arxad1_GeneCatalog_genes_20141211.gff.gz,NA
Ascim1,Ascobolus immersus RN42 v1.0,Ascim1_AssemblyScaffolds.fasta.gz,Ascim1_GeneCatalog_genes_20121221.gff.gz,Ascim1.filtered_proteins.FilteredModels2.gff3.gz
Ascni1,Ascodesmis nigricans CBS 389.68 v1.0,Ascni1_AssemblyScaffolds.fasta.gz,Ascni1_GeneCatalog_genes_20141120.gff.gz,NA
Ascru1,Ascoidea rubescens NRRL Y17699 v1.0,Ascru1_AssemblyScaffolds.fasta.gz,Ascru1_GeneCatalog_genes_20111107.gff.gz,Ascru1.filtered_proteins.FilteredModels1.gff3.gz
Ascsa1,Ascocoryne sarcoides NRRL50072,Ascsa1_AssemblyScaffolds.fasta.gz,Ascsa1_GeneCatalog_genes_20140116.gff.gz,Ascsa1.filtered_proteins.ExternalModels.gff3.gz
Ashgo1,Ashbya gossypii ATCC 10895,Ashgo1_AssemblyScaffolds.fasta.gz,Ashgo1_GeneCatalog_genes_20130601.gff.gz,Ashgo1.filtered_proteins.AGDModels.gff3.gz
Ashgo1_1,Eremothecium gossypii ATCC 10895,Ashgo1_1_AssemblyScaffolds.fasta.gz,Ashgo1_1_GeneCatalog_genes_20140830.gff.gz,NA
Aspac1,Aspergillus aculeatus ATCC16872 v1.1,Aspac1_scaffolds.fasta.gz,NA,Aspac1.filtered_proteins.FilteredModels6.gff3.gz
Aspbr1,Aspergillus brasiliensis v1.0,Aspbr1_AssemblyScaffolds.fasta.gz,Aspbr1_GeneCatalog_genes_20120615.gff.gz,Aspbr1.filtered_proteins.FilteredModels1.gff3.gz
Aspca3,Aspergillus carbonarius ITEM 5010 v3,Aspca3_scaffolds.fasta.gz,NA,Aspca3.filtered_proteins.FilteredModels6.gff3.gz
Aspcam1,Aspergillus campestris IBT 28561 v1.0,Aspcam1_AssemblyScaffolds.fasta.gz,Aspcam1_GeneCatalog_genes_20140128.gff.gz,Aspcam1.filtered_proteins.FilteredModels1.gff3.gz
Aspcl1,Aspergillus clavatus NRRL 1 from AspGD,Aspcl1_AssemblyScaffolds.fasta.gz,Aspcl1_GeneCatalog_genes_20120815.gff.gz,Aspcl1.filtered_proteins.ExternalModels.gff3.gz
Aspfl1,Aspergillus flavus NRRL3357,Aspfl1_AssemblyScaffolds.fasta.gz,Aspfl1_GeneCatalog_genes_20121018.gff.gz,Aspfl1.filtered_proteins.ExternalModels.gff3.gz
Aspfo1,Aspergillus acidus v1.0,Aspfo1_AssemblyScaffolds.fasta.gz,Aspfo1_GeneCatalog_genes_20120615.gff.gz,Aspfo1.filtered_proteins.FilteredModels1.gff3.gz
Aspfu1,Aspergillus fumigatus Af293 from AspGD,Aspfu1_AssemblyScaffolds.fasta.gz,Aspfu1_GeneCatalog_genes_20120808.gff.gz,Aspfu1.filtered_proteins.ExternalModels.gff3.gz
Aspfu_A1163_1,Aspergillus fumigatus A1163,Aspfu_A1163_1_AssemblyScaffolds.fasta.gz,Aspfu_A1163_1_GeneCatalog_genes_20140107.gff.gz,Aspfu_A1163_1.filtered_proteins.External_Models.gff3.gz
Aspgl1,Aspergillus glaucus v1.0,Aspgl1_AssemblyScaffolds.fasta.gz,Aspgl1_GeneCatalog_genes_20121005.gff.gz,Aspgl1.filtered_proteins.FilteredModels1.gff3.gz
Aspka1_1,Aspergillus kawachii IFO 4308,Aspka1_1_AssemblyScaffolds.fasta.gz,Aspka1_1_GeneCatalog_genes_20140116.gff.gz,Aspka1_1.filtered_proteins.ExternalModels.gff3.gz
Aspni7,Aspergillus niger ATCC 1015 v4.0,Aspni7_AssemblyScaffolds.fasta.gz,Aspni7_GeneCatalog_genes_20131226.gff.gz,Aspni7.filtered_proteins.FilteredModels1.gff3.gz
Aspni_DSM_1,Aspergillus niger CBS 513.88,Aspni_DSM_1_AssemblyScaffolds.fasta.gz,Aspni_DSM_1_GeneCatalog_genes_20130526.gff.gz,Aspni_DSM_1.filtered_proteins.ExternalModels.gff3.gz
Aspni_NRRL3_1,Aspergillus niger NRRL3,Aspni_NRRL3_1_AssemblyScaffolds.fasta.gz,Aspni_NRRL3_1_GeneCatalog_genes_20140311.gff.gz,Aspni_NRRL3_1.filtered_proteins.ExternalModels.gff3.gz
Aspni_bvT_1,Aspergillus niger van Tieghem ATCC 13496 v1.0,Aspni_bvT_1_AssemblyScaffolds.fasta.gz,Aspni_bvT_1_GeneCatalog_genes_20140302.gff.gz,Aspni_bvT_1.filtered_proteins.FilteredModels1.gff3.gz
Aspnid1,Aspergillus nidulans from AspGD,Aspnid1_AssemblyScaffolds.fasta.gz,Aspnid1_GeneCatalog_genes_20110130.gff.gz,Aspnid1.filtered_proteins.AspGD_genes.gff3.gz
Aspnov1,Aspergillus novofumigatus IBT 16806 v1.0,Aspnov1_AssemblyScaffolds.fasta.gz,Aspnov1_GeneCatalog_genes_20140201.gff.gz,Aspnov1.filtered_proteins.FilteredModels1.gff3.gz
Aspoch1,Aspergillus ochraceoroseus IBT 24754 v1.0,Aspoch1_AssemblyScaffolds.fasta.gz,Aspoch1_GeneCatalog_genes_20140127.gff.gz,Aspoch1.filtered_proteins.FilteredModels1.gff3.gz
Aspor1,Aspergillus oryzae RIB40,Aspor1_AssemblyScaffolds.fasta.gz,Aspor1_GeneCatalog_genes_20120808.gff.gz,Aspor1.filtered_proteins.ExternalModels.gff3.gz
Aspph1,Aspergillus phoenicis (Corda) Thom ATCC 13157 v1.0,Aspph1_AssemblyScaffolds.fasta.gz,Aspph1_GeneCatalog_genes_20140307.gff.gz,Aspph1.filtered_proteins.FilteredModels1.gff3.gz
Aspste1,Aspergillus steynii IBT 23096 v1.0,Aspste1_AssemblyScaffolds.fasta.gz,Aspste1_GeneCatalog_genes_20140201.gff.gz,Aspste1.filtered_proteins.FilteredModels1.gff3.gz
Aspsy1,Aspergillus sydowii v1.0,Aspsy1_AssemblyScaffolds.fasta.gz,Aspsy1_GeneCatalog_genes_20120625.gff.gz,Aspsy1.filtered_proteins.FilteredModels1.gff3.gz
Aspte1,Aspergillus terreus NIH 2624,Aspte1_AssemblyScaffolds.fasta.gz,Aspte1_GeneCatalog_genes_20120919.gff.gz,Aspte1.filtered_proteins.ExternalModels.gff3.gz
Asptu1,Aspergillus tubingensis v1.0,Asptu1_AssemblyScaffolds.fasta.gz,Asptu1_GeneCatalog_genes_20120711.gff.gz,Asptu1.filtered_proteins.FilteredModels1.gff3.gz
Aspve1,Aspergillus versicolor v1.0,Aspve1_AssemblyScaffolds.fasta.gz,Aspve1_GeneCatalog_genes_20120621.gff.gz,Aspve1.filtered_proteins.FilteredModels1.gff3.gz
Aspwe1,Aspergillus wentii v1.0,Aspwe1_AssemblyScaffolds.fasta.gz,Aspwe1_GeneCatalog_genes_20120711.gff.gz,Aspwe1.filtered_proteins.FilteredModels1.gff3.gz
Aspzo1,Aspergillus zonatus v1.0,Aspzo1_AssemblyScaffolds.fasta.gz,Aspzo1_GeneCatalog_genes_20121010.gff.gz,Aspzo1.filtered_proteins.GeneCatalog_2013_12_03_15_38.gff3.gz
Atrsp2,Atractiellales sp. v2.0,Atrsp2_AssemblyScaffolds.fasta.gz,Atrsp2_GeneCatalog_genes_20130826.gff.gz,Atrsp2.filtered_proteins.FilteredModels1.gff3.gz
Aulhe2,Aulographum hederae v2.0,Aulhe2_AssemblyScaffolds.fasta.gz,Aulhe2_GeneCatalog_genes_20130401.gff.gz,Aulhe2.filtered_proteins.FilteredModels1.gff3.gz
Aurde3_1,Auricularia subglabra v2.0,Aurde3_1_AssemblyScaffolds.fasta.gz,Aurde3_1_GeneCatalog_genes_20130729.gff.gz,Aurde3_1.filtered_proteins.FilteredModels1.gff3.gz
Aurpu_var_mel1,Aureobasidium pullulans var. melanogenum CBS 110374,Aurpu_var_mel1_AssemblyScaffolds.fasta.gz,Aurpu_var_mel1_GeneCatalog_genes_20130418.gff.gz,Aurpu_var_mel1.filtered_proteins.FilteredModels1.gff3.gz
Aurpu_var_nam1,Aureobasidium pullulans var. namibiae CBS 147.97,Aurpu_var_nam1_AssemblyScaffolds.fasta.gz,Aurpu_var_nam1_GeneCatalog_genes_20130418.gff.gz,Aurpu_var_nam1.filtered_proteins.FilteredModels1.gff3.gz
Aurpu_var_pul1,Aureobasidium pullulans var. pullulans EXF-150,Aurpu_var_pul1_AssemblyScaffolds.fasta.gz,Aurpu_var_pul1_GeneCatalog_genes_20130219.gff.gz,Aurpu_var_pul1.filtered_proteins.FilteredModels1.gff3.gz
Aurpu_var_sub1,Aureobasidium pullulans var. subglaciale EXF-2481,Aurpu_var_sub1_AssemblyScaffolds.fasta.gz,Aurpu_var_sub1_GeneCatalog_genes_20120515.gff.gz,Aurpu_var_sub1.filtered_proteins.FilteredModels1.gff3.gz
Aurvu1,Auriscalpium vulgare FP105234-Sp v1.0,Aurvu1_AssemblyScaffolds.fasta.gz,Aurvu1_GeneCatalog_genes_20140723.gff.gz,NA
Babin1,Babjeviella inositovora NRRL Y-12698 v1.0,Babin1_AssemblyScaffolds.fasta.gz,Babin1_GeneCatalog_genes_20120306.gff.gz,Babin1.filtered_proteins.FilteredModels2.gff3.gz
Bacci1,Backusella circina FSU 941 v1.0,Bacci1_AssemblyScaffolds.fasta.gz,Bacci1_GeneCatalog_genes_20130730.gff.gz,Bacci1.filtered_proteins.FilteredModels1.gff3.gz
Basun1,Basidioascus undulatus,Basun1_AssemblyScaffolds.fasta.gz,Basun1_GeneCatalog_genes_20150127.gff.gz,NA
Batde5,Batrachochytrium dendrobatidis JAM81 v1.0,Batde5_scaffolds.fasta.gz,NA,Batde5.filtered_proteins.FilteredModels2.gff3.gz
Bauco1,Baudoinia compniacensis UAMH 10762 (4089826) v1.0,Bauco1_AssemblyScaffolds.fasta.gz,Bauco1_GeneCatalog_genes_20110511.gff.gz,Bauco1.filtered_proteins.FilteredModels1.gff3.gz
Beaba1,Beauveria bassiana ARSEF 2860,Beaba1_AssemblyScaffolds.fasta.gz,Beaba1_GeneCatalog_genes_20130926.gff.gz,Beaba1.filtered_proteins.ExternalModels.gff3.gz
Bimnz1,Bimuria novae-zelandiae CBS 107.79 v1.0,Bimnz1_AssemblyScaffolds.fasta.gz,Bimnz1_GeneCatalog_genes_20150128.gff.gz,NA
Bjead1_1,Bjerkandera adusta v1.0,Bjead1_1_AssemblyScaffolds.fasta.gz,Bjead1_1_GeneCatalog_genes_20110614.gff.gz,Bjead1_1.filtered_proteins.FilteredModels2.gff3.gz
Blugr1,Blumeria graminis f.sp. hordei DH14,Blugr1_AssemblyScaffolds.fasta.gz,Blugr1_GeneCatalog_genes_20131023.gff.gz,Blugr1.filtered_proteins.BluGenModels.gff3.gz
Boled1,Boletus edulis v1.0,Boled1_AssemblyScaffolds.fasta.gz,Boled1_GeneCatalog_genes_20130211.gff.gz,Boled1.filtered_proteins.FilteredModels1.gff3.gz
Botbo1,Botryobasidium botryosum v1.0,Botbo1_AssemblyScaffolds.fasta.gz,Botbo1_GeneCatalog_genes_20110803.gff.gz,Botbo1.filtered_proteins.FilteredModels1.gff3.gz
Botci1,Botrytis cinerea v1.0,Botci1_AssemblyScaffolds.fasta.gz,Botci1_GeneCatalog_genes_20110903.gff.gz,Botci1.filtered_proteins.ExternalModels.gff3.gz
Botdo1_1,Botryosphaeria dothidea,Botdo1_1_AssemblyScaffolds.fasta.gz,Botdo1_1_GeneCatalog_genes_20150128.gff.gz,NA
Bysci1,Byssothecium circinans CBS 675.92 v1.0,Bysci1_AssemblyScaffolds.fasta.gz,Bysci1_GeneCatalog_genes_20140627.gff.gz,Bysci1.filtered_proteins.FilteredModels1.gff3.gz
Cadsp1,Cadophora sp. DSE1049 v1.0,Cadsp1_AssemblyScaffolds.fasta.gz,Cadsp1_GeneCatalog_genes_20140317.gff.gz,Cadsp1.filtered_proteins.FilteredModels1.gff3.gz
Calco1,Calocera cornea v1.0,Calco1_AssemblyScaffolds.fasta.gz,Calco1_GeneCatalog_genes_20130417.gff.gz,NA
Calvi1,Calocera viscosa v1.0,Calvi1_AssemblyScaffolds.fasta.gz,Calvi1_GeneCatalog_genes_20130829.gff.gz,NA
Canar1,Candida arabinofermentans NRRL YB-2248 v1.0,Canar1_AssemblyScaffolds.fasta.gz,Canar1_GeneCatalog_genes_20111127.gff.gz,Canar1.filtered_proteins.FilteredModels1.gff3.gz
Canca1,Candida caseinolytica Y-17796 v1.0,Canca1_AssemblyScaffolds.fasta.gz,Canca1_GeneCatalog_genes_20110525.gff.gz,Canca1.filtered_proteins.FilteredModels1.gff3.gz
Canta1,Candida tanzawaensis NRRL Y-17324 v1.0,Canta1_AssemblyScaffolds.fasta.gz,Canta1_GeneCatalog_genes_20120131.gff.gz,Canta1.filtered_proteins.FilteredModels1.gff3.gz
Cante1,Candida tenuis NRRL Y-1498 v1.0,Cante1_genomic_scaffolds.fasta.gz,NA,Cante1.filtered_proteins.FilteredModels3.gff3.gz
Catan1,Catenaria anguillulae PL171 v1.0,Catan1_AssemblyScaffolds.fasta.gz,Catan1_GeneCatalog_genes_20120622.gff.gz,Catan1.filtered_proteins.FilteredModels1.gff3.gz
Cenge3,Cenococcum geophilum 1.58 v2.0,Cenge3_AssemblyScaffolds.fasta.gz,Cenge3_GeneCatalog_genes_20130403.gff.gz,Cenge3.filtered_proteins.FilteredModels1.gff3.gz
Cepal1_1,Cephaloascus albidus ATCC 66658 v1.0,Cepal1_1_AssemblyScaffolds.fasta.gz,Cepal1_1_GeneCatalog_genes_20150113.gff.gz,NA
Cepfr1_1,Cephaloascus fragrans 12-1022 v1.0,Cepfr1_1_AssemblyScaffolds.fasta.gz,Cepfr1_1_GeneCatalog_genes_20150115.gff.gz,NA
CerAGI,"Ceratobasidium sp. (anastomosis group I, AG-I) v1.0",CerAGI_AssemblyScaffolds.fasta.gz,CerAGI_GeneCatalog_genes_20150524.gff.gz,NA
Cersp1,Ceraceosorus sp. MCA 4658 v1.0,Cersp1_AssemblyScaffolds.fasta.gz,Cersp1_GeneCatalog_genes_20150406.gff.gz,NA
Cersu1,Ceriporiopsis (Gelatoporia) subvermispora B,Ceriporiopsis_subvermispora.unmasked.fasta.gz,NA,Cersu1.filtered_proteins.FilteredModels1.gff3.gz
Cerun2,Cerrena unicolor v1.1,Cerun2_AssemblyScaffolds.fasta.gz,Cerun2_GeneCatalog_genes_20130111.gff.gz,Cerun2.filtered_proteins.FilteredModels1.gff3.gz
Cerzm1,Cercospora zeae-maydis v1.0,Cerzm1_AssemblyScaffolds.fasta.gz,Cerzm1_GeneCatalog_genes_20111029.gff.gz,Cerzm1.filtered_proteins.FilteredModels1.gff3.gz
Chagl_1,Chaetomium globosum v1.0,Chagl_1_assembly_scaffolds.fasta.gz,NA,Chagl_1.filtered_proteins.Chagl_1_BroadGeneModels.gff3.gz
Chalo1,Chalara longipes BDJ v1.0,Chalo1_AssemblyScaffolds.fasta.gz,Chalo1_GeneCatalog_genes_20130611.gff.gz,Chalo1.filtered_proteins.FilteredModels1.gff3.gz
Chiap1,Chionosphaera apobasidialis 52639 v1.0,Chiap1_AssemblyScaffolds.fasta.gz,Chiap1_GeneCatalog_genes_20150110.gff.gz,NA
Chove1,Choiromyces venosus 120613-1 v1.0,Chove1_AssemblyScaffolds.fasta.gz,Chove1_GeneCatalog_genes_20131210.gff.gz,Chove1.filtered_proteins.FilteredModels1.gff3.gz
ClaPMI390,Clavulina sp. PMI_390 v1.0,ClaPMI390_AssemblyScaffolds.fasta.gz,ClaPMI390_GeneCatalog_genes_20140716.gff.gz,NA
Clael1,Clathrospora elynae CBS 161.51 v1.0,Clael1_AssemblyScaffolds.fasta.gz,Clael1_GeneCatalog_genes_20140828.gff.gz,NA
Clafu1,Cladosporium fulvum v1.0,Clafu1_AssemblyScaffolds.fasta.gz,Clafu1_GeneCatalog_genes_20110826.gff.gz,Clafu1.filtered_proteins.ExternalModels.gff3.gz
Clagr3,Cladonia grayi Cgr/DA2myc/ss v2.0,Clagr3_AssemblyScaffolds.fasta.gz,Clagr3_GeneCatalog_genes_20111121.gff.gz,Clagr3.filtered_proteins.Maker.gff3.gz
Clapy1,Clavicorona pyxidata HHB10654 v1.0,Clapy1_AssemblyScaffolds.fasta.gz,Clapy1_GeneCatalog_genes_20140612.gff.gz,Clapy1.filtered_proteins.FilteredModels1.gff3.gz
Cloro1,Clonostachys rosea CBS125111 v1.0,Cloro1_MitoScaffolds.fasta.gz,Cloro1_GeneCatalog_genes_20150131.gff.gz,NA
Cocca1,Cochliobolus carbonum 26-R-13 v1.0,Cocca1_AssemblyScaffolds.fasta.gz,Cocca1_GeneCatalog_genes_20120427.gff.gz,Cocca1.filtered_proteins.FilteredModels1.gff3.gz
CocheC4_1,Cochliobolus heterostrophus C4 v1.0,CocheC4_1_AssemblyScaffolds.fasta.gz,CocheC4_1_GeneCatalog_genes_20110824.gff.gz,CocheC4_1.filtered_proteins.FilteredModels1.gff3.gz
CocheC5_3,Cochliobolus heterostrophus C5 v2.0,CocheC5_1_assembly_scaffolds.fasta.gz,CocheC5_3_GeneCatalog_genes_20110901.gff.gz,CocheC5_3.filtered_proteins.FilteredModels4.gff3.gz
Cocim1,Coccidioides immitis RS ,Cocim1_AssemblyScaffolds.fasta.gz,Cocim1_GeneCatalog_genes_20130907.gff.gz,Cocim1.filtered_proteins.BroadModels.gff3.gz
Coclu2,Cochliobolus lunatus m118 v2.0,Coclu2_AssemblyScaffolds.fasta.gz,Coclu2_GeneCatalog_genes_20120521.gff.gz,Coclu2.filtered_proteins.FilteredModels1.gff3.gz
Cocmi1,Cochliobolus miyabeanus ATCC 44560 v1.0,Cocmi1_AssemblyScaffolds.fasta.gz,Cocmi1_GeneCatalog_genes_20120427.gff.gz,Cocmi1.filtered_proteins.FilteredModels1.gff3.gz
Cocsa1,Cochliobolus sativus ND90Pr v1.0,Cocsa1_AssemblyScaffolds.fasta.gz,Cocsa1_GeneCatalog_genes_20110610.gff.gz,Cocsa1.filtered_proteins.FilteredModels1.gff3.gz
Cocvi1,Cochliobolus victoriae FI3 v1.0,Cocvi1_AssemblyScaffolds.fasta.gz,Cocvi1_GeneCatalog_genes_20120501.gff.gz,Cocvi1.filtered_proteins.FilteredModels1.gff3.gz
Coere1,Coemansia reversa NRRL 1564 v1.0,Coere1_AssemblyScaffolds.fasta.gz,Coere1_GeneCatalog_genes_20110909.gff.gz,Coere1.filtered_proteins.FilteredModels1.gff3.gz
Colca1,Colletotrichum caudatum CBS131602 v1.0,Colca1_AssemblyScaffolds.fasta.gz,Colca1_GeneCatalog_genes_20150403.gff.gz,NA
Coler1,Colletotrichum eremochloae CBS129661 v1.0,Coler1_AssemblyScaffolds.fasta.gz,Coler1_GeneCatalog_genes_20141231.gff.gz,NA
Colfa1,Colletotrichum falcatum MAFF306170 v1.0,Colfa1_AssemblyScaffolds.fasta.gz,Colfa1_GeneCatalog_genes_20141228.gff.gz,NA
Colgr1,Colletotrichum graminicola M1.001,Colgr1_AssemblyScaffolds.fasta.gz,Colgr1_GeneCatalog_genes_20130906.gff.gz,Colgr1.filtered_proteins.ExternalModels.gff3.gz
Colhi1,Colletotrichum higginsianum IMI 349063,Colhi1_AssemblyScaffolds.fasta.gz,Colhi1_GeneCatalog_genes_20131030.gff.gz,Colhi1.filtered_proteins.BroadModels.gff3.gz
Colso1,Colletotrichum somersetensis CBS 131599 v1.0,Colso1_AssemblyScaffolds.fasta.gz,Colso1_GeneCatalog_genes_20141229.gff.gz,NA
Colsu1,Colletotrichum sublineola CBS 131301 v1.0,Colsu1_AssemblyScaffolds.fasta.gz,Colsu1_GeneCatalog_genes_20150101.gff.gz,NA
Colzo1,Colletotrichum zoysiae MAFF235873 v1.0,Colzo1_AssemblyScaffolds.fasta.gz,Colzo1_GeneCatalog_genes_20150103.gff.gz,NA
ConPMI546,Coniochaeta sp. PMI_546 v1.0,ConPMI546_AssemblyScaffolds.fasta.gz,ConPMI546_GeneCatalog_genes_20140720.gff.gz,NA
Conco1,Conidiobolus coronatus NRRL28638 v1.0,Conco1_AssemblyScaffolds.fasta.gz,Conco1_GeneCatalog_genes_20120213.gff.gz,Conco1.filtered_proteins.FilteredModels1.gff3.gz
Conli1,Coniochaeta ligniaria CBS 111746,Conli1_AssemblyScaffolds.fasta.gz,Conli1_GeneCatalog_genes_20130808.gff.gz,Conli1.filtered_proteins.ExternalModels.gff3.gz
Conlig1,Coniochaeta ligniaria NRRL 30616 v1.0,Conlig1_AssemblyScaffolds.fasta.gz,Conlig1_GeneCatalog_genes_20140604.gff.gz,Conlig1.filtered_proteins.FilteredModels1.gff3.gz
Conpu1,Coniophora puteana v1.0,Conpu1_AssemblyScaffolds.fasta.gz,Conpu1_GeneCatalog_genes_20101116.gff.gz,Conpu1.filtered_proteins.FilteredModels1.gff3.gz
Conth1,Conidiobolus thromboides FSU 785 v1.0,Conth1_AssemblyScaffolds.fasta.gz,Conth1_GeneCatalog_genes_20141003.gff.gz,NA
Copci1,Coprinopsis cinerea,Coprinopsis_cinerea.unmasked.fasta.gz,NA,Copci1.filtered_proteins.BroadModels1.gff3.gz
Copci_AmutBmut1,Coprinopsis cinerea AmutBmut pab1-1 v1.0,Copci_AmutBmut1_AssemblyScaffolds.fasta.gz,Copci_AmutBmut1_GeneCatalog_genes_20130522.gff.gz,Copci_AmutBmut1.filtered_proteins.FilteredModels1.gff3.gz
Corca1,Corynespora cassiicola CCP v1.0,Corca1_AssemblyScaffolds.fasta.gz,Corca1_GeneCatalog_genes_20140615.gff.gz,Corca1.filtered_proteins.FilteredModels1.gff3.gz
Corgl3,Cortinarius glaucopus AT 2004 276 v2.0,Corgl3_AssemblyScaffolds.fasta.gz,Corgl3_GeneCatalog_genes_20130626.gff.gz,Corgl3.filtered_proteins.FilteredModels7.gff3.gz
Corma2,Corollospora maritima CBS 119819 v2.0,Corma2_AssemblyScaffolds.fasta.gz,Corma2_GeneCatalog_genes_20150506.gff.gz,NA
Cormi1,Cordyceps militaris CM01,Cormi1_AssemblyScaffolds.fasta.gz,Cormi1_GeneCatalog_genes_20131203.gff.gz,Cormi1.filtered_proteins.ExternalModels.gff3.gz
Croqu1,Cronartium quercuum f. sp. fusiforme G11 v1.0,Croqu1_AssemblyScaffolds.fasta.gz,Croqu1_GeneCatalog_genes_20120612.gff.gz,Croqu1.filtered_proteins.FilteredModels1.gff3.gz
Cryne_H99_1,Cryptococcus neoformans var. grubii H99,Cryptococcus_neoformans_H99.unmasked.fasta.gz,NA,Cryne_H99_1.filtered_proteins.BroadModels1.gff3.gz
Cryne_JEC21_1,Cryptococcus neoformans var neoformans JEC21,Cryne_JEC21_1_AssemblyScaffolds.fasta.gz,Cryne_JEC21_1_GeneCatalog_genes_20120305.gff.gz,Cryne_JEC21_1.filtered_proteins.ExternalModels.gff3.gz
Crypa2,NA,NA,Crypa2.filtered_proteins.FrozenGeneCatalog_20091214.gff3.gz,
Cryvi1,Cryptococcus vishniacii v1.0,Cryvi1_AssemblyScaffolds.fasta.gz,Cryvi1_GeneCatalog_genes_20130104.gff.gz,Cryvi1.filtered_proteins.FilteredModels1.gff3.gz
Cucbe1,Cucurbitaria berberidis CBS 394.84 v1.0,Cucbe1_AssemblyScaffolds.fasta.gz,Cucbe1_GeneCatalog_genes_20130102.gff.gz,Cucbe1.filtered_proteins.FilteredModels1.gff3.gz
Cybja1,Cyberlindnera jadinii NRRL Y-1542 v1.0,Cybja1_AssemblyScaffolds.fasta.gz,Cybja1_GeneCatalog_genes_20121210.gff.gz,Cybja1.filtered_proteins.FilteredModels1.gff3.gz
Cylto1,Cylindrobasidium torrendii v1.0,Cylto1_AssemblyScaffolds.fasta.gz,Cylto1_GeneCatalog_genes_20130411.gff.gz,Cylto1.filtered_proteins.FilteredModels1.gff3.gz
Dacsp1,Dacryopinax sp. DJM 731 SSP1 v1.0,Dacsp1_AssemblyScaffolds.fasta.gz,Dacsp1_GeneCatalog_genes_20110131.gff.gz,Dacsp1.filtered_proteins.FilteredModels1.gff3.gz
Daequ1,Daedalea quercina v1.0,Daequ1_AssemblyScaffolds.fasta.gz,Daequ1_GeneCatalog_genes_20130110.gff.gz,Daequ1.filtered_proteins.FilteredModels1.gff3.gz
DalEC12_1,Daldinia eschscholzii EC12 v1.0,DalEC12_1_AssemblyScaffolds.fasta.gz,DalEC12_1_GeneCatalog_genes_20111212.gff.gz,DalEC12_1.filtered_proteins.FilteredModels1.gff3.gz
Debha1,Debaryomyces hansenii,Debha1_AssemblyScaffolds.fasta.gz,Debha1_GeneCatalog_genes_20130209.gff.gz,Debha1.filtered_proteins.ExternalModels.gff3.gz
Decga1,Decorospora gaudefroyi v1.0,Decga1_AssemblyScaffolds.fasta.gz,Decga1_GeneCatalog_genes_20150425.gff.gz,NA
Dekbr2,Dekkera bruxellensis CBS 2499 v2.0,Dekbr2_AssemblyScaffolds.fasta.gz,Dekbr2_GeneCatalog_genes_20120306.gff.gz,Dekbr2.filtered_proteins.FilteredModels1.gff3.gz
Delco1,Delitschia confertaspora ATCC 74209 v1.0,Delco1_AssemblyScaffolds.fasta.gz,Delco1_GeneCatalog_genes_20140624.gff.gz,Delco1.filtered_proteins.FilteredModels1.gff3.gz
Denbi1,Dendrothele bispora CBS 962.96 v1.0,Denbi1_AssemblyScaffolds.fasta.gz,Denbi1_GeneCatalog_genes_20131210.gff.gz,Denbi1.filtered_proteins.FilteredModels1.gff3.gz
Dicsq1,Dichomitus squalens v1.0,Dicsq1_AssemblyScaffolds.fasta.gz,Dicsq1_GeneCatalog_genes_20101110.gff.gz,Dicsq1.filtered_proteins.FilteredModels1.gff3.gz
Didex1,Didymella exigua CBS 183.55 v1.0,Didex1_AssemblyScaffolds.fasta.gz,Didex1_GeneCatalog_genes_20120924.gff.gz,Didex1.filtered_proteins.FilteredModels1.gff3.gz
Diocr1,Dioszegia cryoxerica v1.0,Diocr1_AssemblyScaffolds.fasta.gz,Diocr1_GeneCatalog_genes_20130123.gff.gz,Diocr1.filtered_proteins.FilteredModels2.gff3.gz
Disac1,Dissoconium aciculare v1.0,Disac1_AssemblyScaffolds.fasta.gz,Disac1_GeneCatalog_genes_20130805.gff.gz,Disac1.filtered_proteins.FilteredModels2.gff3.gz
Dotse1,Dothistroma septosporum NZE10 v1.0,Dotse1_AssemblyScaffolds.fasta.gz,Dotse1_GeneCatalog_genes_20100818.gff.gz,Dotse1.filtered_proteins.FilteredModels1.gff3.gz
Dotsy1,Dothidotthia symphoricarpi v1.0,Dotsy1_AssemblyScaffolds.fasta.gz,Dotsy1_GeneCatalog_genes_20131210.gff.gz,Dotsy1.filtered_proteins.FilteredModels1.gff3.gz
Elmca1,Aporpium caryae L-13461,Elmca1_AssemblyScaffolds.fasta.gz,Elmca1_GeneCatalog_genes_20140827.gff.gz,NA
Enccu1,Encephalitozoon cuniculi GB-M1,Enccu1_AssemblyScaffolds.fasta.gz,Enccu1_GeneCatalog_genes_20130927.gff.gz,Enccu1.filtered_proteins.GenoscopeModels.gff3.gz
Enche1,Encephalitozoon hellem ATCC 50504,Enche1_AssemblyScaffolds.fasta.gz,Enche1_GeneCatalog_genes_20131209.gff.gz,Enche1.filtered_proteins.ExternalModels.gff3.gz
Encin1,Encephalitozoon intestinalis ATCC 50506,Encin1_AssemblyScaffolds.fasta.gz,Encin1_GeneCatalog_genes_20131101.gff.gz,Encin1.filtered_proteins.ExternalModels.gff3.gz
Encro1,Encephalitozoon romaleae SJ-2008,Encro1_AssemblyScaffolds.fasta.gz,Encro1_GeneCatalog_genes_20131209.gff.gz,Encro1.filtered_proteins.ExternalModels.gff3.gz
Entbi1,Enterocytozoon bieneusi H348,Entbi1_AssemblyScaffolds.fasta.gz,Entbi1_GeneCatalog_genes_20140106.gff.gz,Entbi1.filtered_proteins.ExternalModels.gff3.gz
Erebi1,Eremomyces bilateralis CBS 781.70 v1.0,Erebi1_AssemblyScaffolds.fasta.gz,Erebi1_GeneCatalog_genes_20150104.gff.gz,NA
Eryha1,Erythrobasidium hasegawianum ATCC 9536 v1.0,Eryha1_AssemblyScaffolds.fasta.gz,Eryha1_GeneCatalog_genes_20141112.gff.gz,NA
Eurhe1,Eurotium rubrum v1.0,Eurhe1_AssemblyScaffolds.fasta.gz,Eurhe1_GeneCatalog_genes_20120312.gff.gz,Eurhe1.filtered_proteins.FilteredModels1.gff3.gz
Eutla1,Eutypa lata UCREL1,Eutla1_AssemblyScaffolds.fasta.gz,Eutla1_GeneCatalog_genes_20130916.gff.gz,Eutla1.filtered_proteins.ExternalModels.gff3.gz
Exigl1,Exidia glandulosa v1.0,Exigl1_AssemblyScaffolds.fasta.gz,Exigl1_GeneCatalog_genes_20130529.gff.gz,NA
Exova1,Exobasidium vaccinii MPITM v1.0,Exova1_AssemblyScaffolds.fasta.gz,Exova1_GeneCatalog_genes_20131210.gff.gz,Exova1.filtered_proteins.FilteredModels1.gff3.gz
Fibra1,Fibroporia radiculosa TFFH 294,Fibra1_AssemblyScaffolds.fasta.gz,Fibra1_GeneCatalog_genes_20131030.gff.gz,Fibra1.filtered_proteins.ExternalModels.gff3.gz
Fibsp1,Fibulorhizoctonia sp. CBS 109695 v1.0,Fibsp1_AssemblyScaffolds.fasta.gz,Fibsp1_GeneCatalog_genes_20131122.gff.gz,Fibsp1.filtered_proteins.FilteredModels1.gff3.gz
Fishe1,Fistulina hepatica v1.0,Fishe1_AssemblyScaffolds.fasta.gz,Fishe1_GeneCatalog_genes_20130122.gff.gz,Fishe1.filtered_proteins.FilteredModels1.gff3.gz
Fomme1,Fomitiporia mediterranea v1.0,Fomme1_AssemblyScaffolds.fasta.gz,Fomme1_GeneCatalog_genes_20101122.gff.gz,Fomme1.filtered_proteins.FilteredModels1.gff3.gz
Fompi3,Fomitopsis pinicola FP-58527 SS1 v3.0,Fompi3_AssemblyScaffolds.fasta.gz,Fompi3_GeneCatalog_genes_20120705.gff.gz,Fompi3.filtered_proteins.FilteredModels2.gff3.gz
Fusfu1,Fusarium fujikuroi IMI 58289,Fusfu1_AssemblyScaffolds.fasta.gz,Fusfu1_GeneCatalog_genes_20130915.gff.gz,Fusfu1.filtered_proteins.ExternalModels.gff3.gz
Fusgr1,Fusarium graminearum v1.0,Fusgr1_AssemblyScaffolds.fasta.gz,Fusgr1_GeneCatalog_genes_20110524.gff.gz,Fusgr1.filtered_proteins.ExternalModels.gff3.gz
Fusox1,Fusarium oxysporum v1.0,Fusox1_AssemblyScaffolds.fasta.gz,Fusox1_GeneCatalog_genes_20110522.gff.gz,Fusox1.filtered_proteins.ExternalModels.gff3.gz
Fusox2,Fusarium oxysporum f. sp. lycopersici 4287 v2,Fusox2_AssemblyScaffolds.fasta.gz,Fusox2_GeneCatalog_genes_20150720.gff.gz,NA
Fusve1,Fusarium verticillioides 7600,Fusve1_AssemblyScaffolds.fasta.gz,Fusve1_GeneCatalog_genes_20130924.gff.gz,Fusve1.filtered_proteins.BroadModels.gff3.gz
Fusve2,Fusarium verticillioides 7600 v2,Fusve2_AssemblyScaffolds.fasta.gz,Fusve2_GeneCatalog_genes_20150720.gff.gz,NA
Galma1,Galerina marginata v1.0,Galma1_AssemblyScaffolds.fasta.gz,Galma1_GeneCatalog_genes_20110628.gff.gz,Galma1.filtered_proteins.FilteredModels2.gff3.gz
Ganpr1,Gonapodya prolifera v1.0,Ganpr1_AssemblyScaffolds.fasta.gz,Ganpr1_GeneCatalog_genes_20111215.gff.gz,Ganpr1.filtered_proteins.FilteredModels3.gff3.gz
Gansp1,Ganoderma sp. 10597 SS1 v1.0,Gansp1_AssemblyScaffolds.fasta.gz,Gansp1_GeneCatalog_genes_20110326.gff.gz,Gansp1.filtered_proteins.FilteredModels1.gff3.gz
Glalo1,Glarea lozoyensis ATCC 20868,Glalo1_AssemblyScaffolds.fasta.gz,Glalo1_GeneCatalog_genes_20131021.gff.gz,Glalo1.filtered_proteins.ExternalModels.gff3.gz
Gloac1,Glomerella acutata (Colletotrichum fiorinae MH 18) v1.0,Gloac1_AssemblyScaffolds.fasta.gz,Gloac1_GeneCatalog_genes_20121120.gff.gz,Gloac1.filtered_proteins.FilteredModels2.gff3.gz
Gloci1,Glomerella cingulata 23 (Colletotrichum gloeosporoides 23) v1.0,Gloci1_AssemblyScaffolds.fasta.gz,Gloci1_GeneCatalog_genes_20121001.gff.gz,Gloci1.filtered_proteins.FilteredModels1.gff3.gz
Gloin1,Rhizophagus irregularis DAOM 181602 v1.0,Gloin1_AssemblyScaffolds.fasta.gz,Gloin1_GeneCatalog_genes_20120510.gff.gz,Gloin1.filtered_proteins.FilteredModels1.gff3.gz
Glost2,Glonium stellatum CBS 207.34 v1.0,Glost2_AssemblyScaffolds.fasta.gz,Glost2_GeneCatalog_genes_20140303.gff.gz,Glost2.filtered_proteins.FilteredModels1.gff3.gz
Glotr1_1,Gloeophyllum trabeum v1.0,Glotr1_1_AssemblyScaffolds.fasta.gz,Glotr1_1_GeneCatalog_genes_20100928.gff.gz,Glotr1_1.filtered_proteins.FilteredModels1.gff3.gz
Grocl1,Grosmannia clavigera kw1407,Grocl1_AssemblyScaffolds.fasta.gz,Grocl1_GeneCatalog_genes_20131017.gff.gz,Grocl1.filtered_proteins.ExternalModels.gff3.gz
Guyne1,Guyanagaster necrorhiza MCA 3950 v1.0,Guyne1_AssemblyScaffolds.fasta.gz,Guyne1_GeneCatalog_genes_20140406.gff.gz,NA
Gyman1,Gymnopus androsaceus JB14 v1.0,Gyman1_AssemblyScaffolds.fasta.gz,Gyman1_GeneCatalog_genes_20140729.gff.gz,NA
Gymau1,Gymnascella aurantiaca v1.0,Gymau1_AssemblyScaffolds.fasta.gz,Gymau1_GeneCatalog_genes_20130805.gff.gz,Gymau1.filtered_proteins.FilteredModels2.gff3.gz
Gymch1,Gymnopilus chrysopellus PR-1187 v1.0,Gymch1_AssemblyScaffolds.fasta.gz,Gymch1_GeneCatalog_genes_20140623.gff.gz,Gymch1.filtered_proteins.FilteredModels1.gff3.gz
Gymci1_1,Gymnascella citrina v1.1,Gymci1_1_AssemblyScaffolds.fasta.gz,Gymci1_1_GeneCatalog_genes_20130902.gff.gz,Gymci1_1.filtered_proteins.FilteredModels1.gff3.gz
Gymlu1,Gymnopus luxurians v1.0,Gymlu1_AssemblyScaffolds.fasta.gz,Gymlu1_GeneCatalog_genes_20110803.gff.gz,Gymlu1.filtered_proteins.FilteredModels1.gff3.gz
Gyrli1,Gyrodon lividus BX v1.0,Gyrli1_AssemblyScaffolds.fasta.gz,Gyrli1_GeneCatalog_genes_20140325.gff.gz,Gyrli1.filtered_proteins.FilteredModels1.gff3.gz
Hanpo2,Hansenula polymorpha NCYC 495 leu1.1 v2.0,Hanpo2_AssemblyScaffolds.fasta.gz,Hanpo2_GeneCatalog_genes_20100927.gff.gz,Hanpo2.filtered_proteins.FilteredModels2.gff3.gz
Hanva1_1,Hanseniaspora valbyensis NRRL Y-1626 v1.1,Hanva1_1_AssemblyScaffolds.fasta.gz,Hanva1_1_GeneCatalog_genes_20120316.gff.gz,Hanva1_1.filtered_proteins.FilteredModels1.gff3.gz
Hebcy2,Hebeloma cylindrosporum h7 v2.0,Hebcy2_AssemblyScaffolds.fasta.gz,Hebcy2_GeneCatalog_genes_20120913.gff.gz,Hebcy2.filtered_proteins.FilteredModels1.gff3.gz
Hesve2finisherSC,Hesseltinella vesiculosa NRRL3301 v2.0,Hesve2finisherSC_AssemblyScaffolds.fasta.gz,Hesve2finisherSC_GeneCatalog_genes_20150707.gff.gz,NA
Hetan2,Heterobasidion annosum v2.0,Heterobasidion_annosum.AssembledScaffolds.fasta.gz,Hetan2.filtered_proteins.FrozenGeneCatalog_20120113.gff3.gz,Hetan2.filtered_proteins.FrozenGeneCatalog_20120113.gff3.gz
Hetpy1,Heterogastridium pycnidioideum ATCC MYA-4631 v1.0,Hetpy1_MitoScaffolds.fasta.gz,Hetpy1_GeneCatalog_genes_20140310.gff.gz,Hetpy1.filtered_proteins.FilteredModels1.gff3.gz
Hisca1,Histoplasma capsulatum NAm1,Hisca1_AssemblyScaffolds.fasta.gz,Hisca1_GeneCatalog_genes_20130826.gff.gz,Hisca1.filtered_proteins.BroadModels.gff3.gz
Hyabl1,Hyalopycnis blepharistoma ATCC 48560 v1.0,Hyabl1_AssemblyScaffolds.fasta.gz,Hyabl1_GeneCatalog_genes_20150410.gff.gz,NA
Hydpi2,Hydnomerulius pinastri v2.0,Hydpi2_AssemblyScaffolds.fasta.gz,Hydpi2_GeneCatalog_genes_20120511.gff.gz,Hydpi2.filtered_proteins.FilteredModels1.gff3.gz
Hydru2,Hydnum rufescens UP504 v2.0,Hydru2_AssemblyScaffolds.fasta.gz,Hydru2_GeneCatalog_genes_20150110.gff.gz,NA
HypCI4A_1,Hypoxylon sp. CI-4A v1.0,HypCI4A_1_AssemblyScaffolds.fasta.gz,HypCI4A_1_GeneCatalog_genes_20111212.gff.gz,HypCI4A_1.filtered_proteins.FilteredModels1.gff3.gz
HypCO275_1,Hypoxylon sp. CO27-5 v1.0,HypCO275_1_AssemblyScaffolds.fasta.gz,HypCO275_1_GeneCatalog_genes_20120126.gff.gz,HypCO275_1.filtered_proteins.FilteredModels1.gff3.gz
HypEC38_1,Hypoxylon sp. EC38 v1.0,HypEC38_1_AssemblyScaffolds.fasta.gz,HypEC38_1_GeneCatalog_genes_20120308.gff.gz,HypEC38_1.filtered_proteins.FilteredModels1.gff3.gz
Hypbu1,Hyphopichia burtonii NRRL Y-1933 v1.0,Hypbu1_AssemblyScaffolds.fasta.gz,Hypbu1_GeneCatalog_genes_20120125.gff.gz,Hypbu1.filtered_proteins.FilteredModels1.gff3.gz
Hypsu1,Hypholoma sublateritium v1.0,Hypsu1_AssemblyScaffolds.fasta.gz,Hypsu1_GeneCatalog_genes_20110822.gff.gz,Hypsu1.filtered_proteins.FilteredModels1.gff3.gz
Hyspu1_1,Hysterium pulicare,Hyspu1_1_AssemblyScaffolds.fasta.gz,Hyspu1_1_GeneCatalog_genes_20150205.gff.gz,NA
Ilysp1,Ilyonectria sp. v1.0,Ilysp1_AssemblyScaffolds.fasta.gz,Ilysp1_GeneCatalog_genes_20121116.gff.gz,Ilysp1.filtered_proteins.FilteredModels2.gff3.gz
Jaaar1,Jaapia argillacea v1.0,Jaaar1_AssemblyScaffolds.fasta.gz,Jaaar1_GeneCatalog_genes_20110803.gff.gz,Jaaar1.filtered_proteins.FilteredModels1.gff3.gz
Jamsp1,Jaminaea sp. MCA 5214 v1.0,Jamsp1_AssemblyScaffolds.fasta.gz,Jamsp1_GeneCatalog_genes_20141226.gff.gz,NA
Karrh1,Karstenula rhodostoma CBS 690.94 v1.0,Karrh1_AssemblyScaffolds.fasta.gz,Karrh1_GeneCatalog_genes_20140225.gff.gz,Karrh1.filtered_proteins.FilteredModels1.gff3.gz
Kazaf1,Kazachstania africana CBS 2517,Kazaf1_AssemblyScaffolds.fasta.gz,Kazaf1_GeneCatalog_genes_20150111.gff.gz,NA
Klula1,Kluyveromyces lactis,Klula1_AssemblyScaffolds.fasta.gz,Klula1_GeneCatalog_genes_20130227.gff.gz,Klula1.filtered_proteins.ExternalModels.gff3.gz
Lacam1,Laccaria amethystina LaAM-08-1 v1.0,Lacam1_AssemblyScaffolds.fasta.gz,Lacam1_GeneCatalog_genes_20121009.gff.gz,Lacam1.filtered_proteins.FilteredModels1.gff3.gz
Lacbi2,Laccaria bicolor v2.0,Lacbi2_AssemblyScaffolds.fasta.gz,Lacbi2_GeneCatalog_genes_20110203.gff.gz,Lacbi2.filtered_proteins.FilteredModels1.gff3.gz
Laesu1,Laetiporus sulphureus var. sulphureus v1.0,Laesu1_AssemblyScaffolds.fasta.gz,Laesu1_GeneCatalog_genes_20130128.gff.gz,Laesu1.filtered_proteins.FilteredModels1.gff3.gz
Leisp1,Leiotrametes sp BRFM 1775 v1.0,Leisp1_AssemblyScaffolds.fasta.gz,Leisp1_GeneCatalog_genes_20141127.gff.gz,NA
Lenfl1,Lentithecium fluviatile v1.0,Lenfl1_AssemblyScaffolds.fasta.gz,Lenfl1_GeneCatalog_genes_20121217.gff.gz,Lenfl1.filtered_proteins.FilteredModels1.gff3.gz
Lenti6_1,Lentinus tigrinus ALCF2SS1-6 v1.0,Lenti6_1_AssemblyScaffolds.fasta.gz,Lenti6_1_GeneCatalog_genes_20130903.gff.gz,NA
Lenti7_1,Lentinus tigrinus ALCF2SS1-7 v1.0,Lenti7_1_AssemblyScaffolds.fasta.gz,Lenti7_1_GeneCatalog_genes_20130905.gff.gz,NA
Lepmu1,Leptosphaeria maculans,Lepmu1_AssemblyScaffolds.fasta.gz,Lepmu1_GeneCatalog_genes_20110301.gff.gz,Lepmu1.filtered_proteins.ExternalModels.gff3.gz
Leppa1,Lepidopterella palustris v1.0,Leppa1_AssemblyScaffolds.fasta.gz,Leppa1_GeneCatalog_genes_20130322.gff.gz,Leppa1.filtered_proteins.FilteredModels1.gff3.gz
Leugo1_1,Leucoagaricus gongylophorus,Leugo1_1_AssemblyScaffolds.fasta.gz,Leugo1_1_GeneCatalog_genes_20141030.gff.gz,NA
Leumo1,Leucogyrophana mollusca KUC20120723A-06 v1.0,Leumo1_AssemblyScaffolds.fasta.gz,Leumo1_GeneCatalog_genes_20131220.gff.gz,Leumo1.filtered_proteins.FilteredModels1.gff3.gz
Lichy1,Lichtheimia hyalospora v1.0,Lichy1_AssemblyScaffolds.fasta.gz,Lichy1_GeneCatalog_genes_20130506.gff.gz,Lichy1.filtered_proteins.FilteredModels1.gff3.gz
Linin1,Lindgomyces ingoldianus ATCC 200398 v1.0,Linin1_AssemblyScaffolds.fasta.gz,Linin1_GeneCatalog_genes_20141206.gff.gz,NA
Linth1,Lindra thalassiae JK4322 v1.0,Linth1_AssemblyScaffolds.fasta.gz,Linth1_GeneCatalog_genes_20150309.gff.gz,NA
Lipst1_1,Lipomyces starkeyi NRRL Y-11557 v1.0,Lipst1_1_AssemblyScaffolds.fasta.gz,Lipst1_1_GeneCatalog_genes_20110609.gff.gz,Lipst1_1.filtered_proteins.FilteredModels1.gff3.gz
Lizem1,Lizonia empirigonia CBS 542.76 v1.0,Lizem1_AssemblyScaffolds.fasta.gz,Lizem1_GeneCatalog_genes_20150430.gff.gz,NA
Lolmi1,Lollipopaia minuta P26; CBS 116597 v1.0,Lolmi1_AssemblyScaffolds.fasta.gz,Lolmi1_GeneCatalog_genes_20150504.gff.gz,NA
Lopma1,Lophiostoma macrostomum v1.0,Lopma1_AssemblyScaffolds.fasta.gz,Lopma1_GeneCatalog_genes_20130805.gff.gz,Lopma1.filtered_proteins.FilteredModels1.gff3.gz
Lopmy1,Lophium mytilinum CBS 269.34 v1.0,Lopmy1_AssemblyScaffolds.fasta.gz,Lopmy1_GeneCatalog_genes_20140604.gff.gz,Lopmy1.filtered_proteins.FilteredModels1.gff3.gz
Lopni1,Peniophora sp. CONTA v1.0,Lopni1_AssemblyScaffolds.fasta.gz,Lopni1_GeneCatalog_genes_20150213.gff.gz,NA
Lorju1,Loramyces juncicola 46458 v1.0,Lorju1_AssemblyScaffolds.fasta.gz,Lorju1_GeneCatalog_genes_20150110.gff.gz,NA
Macan1,Macroventuria anomochaeta CBS 525.71 v1.0,Macan1_AssemblyScaffolds.fasta.gz,Macan1_GeneCatalog_genes_20140424.gff.gz,Macan1.filtered_proteins.FilteredModels1.gff3.gz
Macfu1,Macrolepiota fuliginosa v1.0,Macfu1_AssemblyScaffolds.fasta.gz,Macfu1_GeneCatalog_genes_20130625.gff.gz,Macfu1.filtered_proteins.FilteredModels4.gff3.gz
Macph1,Macrophomina phaseolina MS6,Macph1_AssemblyScaffolds.fasta.gz,Macph1_GeneCatalog_genes_20131211.gff.gz,Macph1.filtered_proteins.ExternalModels.gff3.gz
Maggr1,Magnaporthe grisea v1.0,Maggr1_AssemblyScaffolds.fasta.gz,Maggr1_GeneCatalog_genes_20110524.gff.gz,Maggr1.filtered_proteins.ExternalModels.gff3.gz
Magpo1,Magnaporthiopsis poae ATCC 64411,Magpo1_AssemblyScaffolds.fasta.gz,Magpo1_GeneCatalog_genes_20150720.gff.gz,NA
Malgl1,Malassezia globosa,Malassezia_globosa.unmasked.fasta.gz,NA,Malgl1.filtered_proteins.PGModels1.gff3.gz
Malsy1_1,Malassezia sympodialis ATCC 42132,Malsy1_1_AssemblyScaffolds.fasta.gz,Malsy1_1_GeneCatalog_genes_20140109.gff.gz,Malsy1_1.filtered_proteins.ExternalModels.gff3.gz
Marbr1,Marssonina brunnea f. sp. multigermtubi MB_m1,Marbr1_AssemblyScaffolds.fasta.gz,Marbr1_GeneCatalog_genes_20141203.gff.gz,NA
Marfi1,Marasmius fiardii PR-910 v1.0,Marfi1_AssemblyScaffolds.fasta.gz,Marfi1_GeneCatalog_genes_20141220.gff.gz,NA
Marpt1,Martensiomyces pterosporus CBS 209.56 v1.0,Marpt1_AssemblyScaffolds.fasta.gz,Marpt1_GeneCatalog_genes_20140919.gff.gz,NA
Maseb1,Massarina eburnea CBS 473.64 v1.0,Maseb1_AssemblyScaffolds.fasta.gz,Maseb1_GeneCatalog_genes_20141122.gff.gz,NA
Meimi1,Meira miltonrushii MCA 3882 v1.0,Meimi1_AssemblyScaffolds.fasta.gz,Meimi1_GeneCatalog_genes_20150112.gff.gz,NA
Melbi2,Meliniomyces bicolor E v2.0,Melbi2_AssemblyScaffolds.fasta.gz,Melbi2_GeneCatalog_genes_20130225.gff.gz,Melbi2.filtered_proteins.FilteredModels2.gff3.gz
Melli1,Melampsora lini CH5,Melli1_AssemblyScaffolds.fasta.gz,Melli1_GeneCatalog_genes_20150227.gff.gz,NA
Mellp1,Melampsora laricis-populina v1.0,Melampsora_laricis_populina.AssembledScaffolds.fasta.gz,Mlaricis_populina.FrozenGeneCatalog_20091005.gff.gz,Mellp1.filtered_proteins.FilteredModels3.gff3.gz
Melpu1,Melanomma pulvis-pyrius v1.0,Melpu1_AssemblyScaffolds.fasta.gz,Melpu1_GeneCatalog_genes_20130415.gff.gz,Melpu1.filtered_proteins.FilteredModels1.gff3.gz
Melsp1,Melanconium sp. NRRL 54901 v1.0,Melsp1_AssemblyScaffolds.fasta.gz,Melsp1_GeneCatalog_genes_20121023.gff.gz,Melsp1.filtered_proteins.FilteredModels1.gff3.gz
Melti1,Melanospora tiffanyae F1KG0001 v1.0,Melti1_AssemblyScaffolds.fasta.gz,Melti1_GeneCatalog_genes_20150427.gff.gz,NA
Melva1,Meliniomyces variabilis F v1.0,Melva1_AssemblyScaffolds.fasta.gz,Melva1_GeneCatalog_genes_20130406.gff.gz,Melva1.filtered_proteins.FilteredModels1.gff3.gz
Metac1,Metarhizium acridum CQMa 102,Metac1_AssemblyScaffolds.fasta.gz,Metac1_GeneCatalog_genes_20131003.gff.gz,Metac1.filtered_proteins.ExternalModels.gff3.gz
Metan1,Metarhizium robertsii ARSEF 23,Metan1_AssemblyScaffolds.fasta.gz,Metan1_GeneCatalog_genes_20131005.gff.gz,Metan1.filtered_proteins.ExternalModels.gff3.gz
Metbi1,Metschnikowia bicuspidata NRRL YB-4993 v1.0,Metbi1_AssemblyScaffolds.fasta.gz,Metbi1_GeneCatalog_genes_20120327.gff.gz,Metbi1.filtered_proteins.FilteredModels1.gff3.gz
Micca1,Microsporum canis CBS 113480,Micca1_AssemblyScaffolds.fasta.gz,Micca1_GeneCatalog_genes_20130828.gff.gz,Micca1.filtered_proteins.BroadModels.gff3.gz
Mictr1,Microascus trigonosporus CBS 218.31 v1.0,Mictr1_AssemblyScaffolds.fasta.gz,Mictr1_GeneCatalog_genes_20140926.gff.gz,NA
Mixos1,Mixia osmundae IAM 14324 v1.0,Mixos1_AssemblyScaffolds.fasta.gz,Mixos1_GeneCatalog_genes_20120207.gff.gz,Mixos1.filtered_proteins.FilteredModels1.gff3.gz
Monha1,Monacrosporium haptotylum CBS 200.50,Monha1_AssemblyScaffolds.fasta.gz,Monha1_GeneCatalog_genes_20131210.gff.gz,Monha1.filtered_proteins.ExternalModels.gff3.gz
Monpe1_1,Moniliophthora perniciosa FA553,Monpe1_1_AssemblyScaffolds.fasta.gz,Monpe1_1_GeneCatalog_genes_20131213.gff.gz,Monpe1_1.filtered_proteins.ExternalModels.gff3.gz
Monpu1,Monascus purpureus v1.0,Monpu1_AssemblyScaffolds.fasta.gz,Monpu1_GeneCatalog_genes_20130806.gff.gz,Monpu1.filtered_proteins.FilteredModels1.gff3.gz
Monru1,Monascus ruber NRRL 1597 v1.0,Monru1_AssemblyScaffolds.fasta.gz,Monru1_GeneCatalog_genes_20121211.gff.gz,Monru1.filtered_proteins.FilteredModels1.gff3.gz
Morco1,Morchella conica CCBAS932 v1.0,Morco1_AssemblyScaffolds.fasta.gz,Morco1_GeneCatalog_genes_20140113.gff.gz,Morco1.filtered_proteins.FilteredModels1.gff3.gz
Morel1,Mortierella elongata v1.0,Morel1_AssemblyScaffolds.fasta.gz,Morel1_GeneCatalog_genes_20120920.gff.gz,Morel1.filtered_proteins.FilteredModels1.gff3.gz
Mucci2,Mucor circinelloides CBS277.49 v2.0,Mucor_circinelloides_v2_scaffolds.fasta.gz,NA,Mucci2.filtered_proteins.FilteredModels1.gff3.gz
Mutel1,Mutinus elegans ME.BST v1.0,Mutel1_MitoScaffolds.fasta.gz,Mutel1_GeneCatalog_genes_20150215.gff.gz,NA
Mycfi2,Mycosphaerella fijiensis v2.0,Mycosphaerella_fijiensis_v2_AssemblyScaffolds.fasta.gz,Mycfi2.filtered_proteins.FrozenGeneCatalog_20100402.gff3.gz,Mycfi2.filtered_proteins.FrozenGeneCatalog_20100402.gff3.gz
Mycgr3,Mycosphaerella graminicola v2.0,Mycgr3_MitoScaffolds.fasta.gz,Mgraminicolav2.FrozenGeneCatalog20080910.gff.gz,Mycgr3.filtered_proteins.FilteredModels1.gff3.gz
Myche1,Myceliophthora heterothallica CBS 203.75 v1.0,Myche1_AssemblyScaffolds.fasta.gz,Myche1_GeneCatalog_genes_20150518.gff.gz,NA
Myrdu1,Myriangium duriaei CBS 260.36 v1.0,Myrdu1_AssemblyScaffolds.fasta.gz,Myrdu1_GeneCatalog_genes_20121211.gff.gz,Myrdu1.filtered_proteins.FilteredModels1.gff3.gz
Myrin1,Myrothecium inundatum CBS 120646 v1.0,Myrin1_AssemblyScaffolds.fasta.gz,Myrin1_GeneCatalog_genes_20140928.gff.gz,NA
Mytre1,Mytilinidion resinicola CBS 304.34 v1.0,Mytre1_AssemblyScaffolds.fasta.gz,Mytre1_GeneCatalog_genes_20150115.gff.gz,NA
Nadfu1,Nadsonia fulvescens var. elongata DSM 6958 v1.0,Nadfu1_AssemblyScaffolds.fasta.gz,Nadfu1_GeneCatalog_genes_20110909.gff.gz,Nadfu1.filtered_proteins.FilteredModels1.gff3.gz
Naifl1,Naiadella fluitans ATCC 64713 v1.0,Naifl1_AssemblyScaffolds.fasta.gz,Naifl1_GeneCatalog_genes_20140403.gff.gz,Naifl1.filtered_proteins.FilteredModels2.gff3.gz
Necha2,Nectria haematococca v2.0,Necha2_scaffolds.fasta.gz,NA,Necha2.filtered_proteins.FilteredModels1.gff3.gz
Nempa1,Nematocida parisii ERTm1,Nempa1_AssemblyScaffolds.fasta.gz,Nempa1_GeneCatalog_genes_20130904.gff.gz,Nempa1.filtered_proteins.BroadModels.gff3.gz
Neofi1,Neosartorya fischeri NRRL 181,Neofi1_AssemblyScaffolds.fasta.gz,Neofi1_GeneCatalog_genes_20120815.gff.gz,Neofi1.filtered_proteins.ExternalModels.gff3.gz
Neole1,Neolentinus lepideus v1.0,Neole1_AssemblyScaffolds.fasta.gz,Neole1_GeneCatalog_genes_20130125.gff.gz,Neole1.filtered_proteins.FilteredModels1.gff3.gz
Neopa1,Neofusicoccum parvum UCRNP2,Neopa1_AssemblyScaffolds.fasta.gz,Neopa1_GeneCatalog_genes_20130909.gff.gz,Neopa1.filtered_proteins.ExternalModels.gff3.gz
Neucr2,Neurospora crassa OR74A v2.0,Neucr2_AssemblyScaffolds.fasta.gz,Neucr2_GeneCatalog_genes_20130412.gff.gz,Neucr2.filtered_proteins.BroadModels.gff3.gz
Neucr_trp3_1,Neurospora crassa FGSC 73 trp-3 v1.0,Neucr_trp3_1_AssemblyScaffolds.fasta.gz,Neucr_trp3_1_GeneCatalog_genes_20140324.gff.gz,Neucr_trp3_1.filtered_proteins.FilteredModels3.gff3.gz
Neudi1,Neurospora discreta FGSC 8579 mat A,Neurospora_discreta.AssemblyScaffolds.fasta.gz,NA,Neudi1.filtered_proteins.FilteredModels2.gff3.gz
Neute_matA2,NA,NA,Neute_matA2.filtered_proteins.FilteredModels1.gff3.gz,
Neute_mat_a1,Neurospora tetrasperma FGSC 2509 mat a v1.0,Neurospora_tetrasperma_mata_AssemblyScaffolds.fasta.gz,NA,Neute_mat_a1.filtered_proteins.FilteredModels1.gff3.gz
Nieex1,Niesslia exilis CBS 358.70 v1.0,Nieex1_AssemblyScaffolds.fasta.gz,Nieex1_GeneCatalog_genes_20140925.gff.gz,NA
Nosce1,Nosema ceranae BRL01,Nosce1_AssemblyScaffolds.fasta.gz,Nosce1_GeneCatalog_genes_20140109.gff.gz,Nosce1.filtered_proteins.ExternalModels.gff3.gz
Obbri1,Obba rivulosa 3A-2 v1.0,Obbri1_AssemblyScaffolds.fasta.gz,Obbri1_GeneCatalog_genes_20140615.gff.gz,Obbri1.filtered_proteins.FilteredModels1.gff3.gz
Oidma1,Oidiodendron maius Zn v1.0,Oidma1_AssemblyScaffolds.fasta.gz,Oidma1_GeneCatalog_genes_20110606.gff.gz,Oidma1.filtered_proteins.FilteredModels1.gff3.gz
Ompol1,Omphalotus olearius,Ompol1_AssemblyScaffolds.fasta.gz,Ompol1_GeneCatalog_genes_20130516.gff.gz,Ompol1.filtered_proteins.ExternalModels.gff3.gz
Onnsc1,Onnia scaura P-53A v1.0,Onnsc1_AssemblyScaffolds.fasta.gz,Onnsc1_GeneCatalog_genes_20150419.gff.gz,NA
Ophdi1,Ophiobolus disseminans CBS 113818 v1.0,Ophdi1_AssemblyScaffolds.fasta.gz,Ophdi1_GeneCatalog_genes_20140614.gff.gz,Ophdi1.filtered_proteins.FilteredModels1.gff3.gz
Ophpc1,Ophiostoma piceae UAMH 11346,Ophpc1_AssemblyScaffolds.fasta.gz,Ophpc1_GeneCatalog_genes_20130927.gff.gz,Ophpc1.filtered_proteins.ExternalModels.gff3.gz
Orpsp1_1,Orpinomyces sp.,Orpsp1_1_AssemblyScaffolds.fasta.gz,Orpsp1_1_GeneCatalog_genes_20140826.gff.gz,NA
Pacta1_2,Pachysolen tannophilus NRRL Y-2460 v1.2,Pacta1_2_AssemblyScaffolds.fasta.gz,Pacta1_2_GeneCatalog_genes_20110630.gff.gz,Pacta1_2.filtered_proteins.Filteredmodels2.gff3.gz
Panru1,Panus rudis PR-1116 ss-1 v1.0,Panru1_AssemblyScaffolds.fasta.gz,Panru1_GeneCatalog_genes_20141214.gff.gz,NA
Panst_KUC8834_1_1,Panellus stipticus KUC8834 v1.1,Panst_KUC8834_1_1_AssemblyScaffolds.fasta.gz,Panst_KUC8834_1_1_GeneCatalog_genes_20140710.gff.gz,NA
Parbr1,Paracoccidioides brasiliensis Pb03,Parbr1_AssemblyScaffolds.fasta.gz,Parbr1_GeneCatalog_genes_20131018.gff.gz,Parbr1.filtered_proteins.BroadModels.gff3.gz
Parsp1,Paraconiothyrium sporulosum AP3s5-JAC2a v1.0,Parsp1_AssemblyScaffolds.fasta.gz,Parsp1_GeneCatalog_genes_20141011.gff.gz,NA
Patat1,Patellaria atrata v1.0,Patat1.draft.mito.scaffolds.fasta.gz,Patat1_GeneCatalog_genes_20130514.gff.gz,Patat1.filtered_proteins.FilteredModels1.gff3.gz
Paxam1,Paxillus ammoniavirescens Pou09.2 v1.0,Paxam1_AssemblyScaffolds.fasta.gz,Paxam1_GeneCatalog_genes_20150425.gff.gz,NA
Paxin1,Paxillus involutus ATCC 200175 v1.0,Paxin1_AssemblyScaffolds.fasta.gz,Paxin1_GeneCatalog_genes_20110501.gff.gz,Paxin1.filtered_proteins.FilteredModels1.gff3.gz
Paxru1,Paxillus rubicundulus Ve08.2h10 v1.0,Paxru1_AssemblyScaffolds.fasta.gz,Paxru1_GeneCatalog_genes_20120726.gff.gz,Paxru1.filtered_proteins.FilteredModels1.gff3.gz
Penac1,Talaromyces aculeatus ATCC 10409 v1.0,Penac1_AssemblyScaffolds.fasta.gz,Penac1_GeneCatalog_genes_20140123.gff.gz,Penac1.filtered_proteins.FilteredModels1.gff3.gz
Penbi1,Penicillium bilaiae ATCC 20851 v1.0,Penbi1_AssemblyScaffolds.fasta.gz,Penbi1_GeneCatalog_genes_20130602.gff.gz,Penbi1.filtered_proteins.FilteredModels1.gff3.gz
Penbr2,Penicillium brevicompactum v2.0,Penbr2_AssemblyScaffolds.fasta.gz,Penbr2_GeneCatalog_genes_20130810.gff.gz,NA
PenbrAgRF18_1,Penicillium brevicompactum AgRF18 v1.0,PenbrAgRF18_1_AssemblyScaffolds.fasta.gz,PenbrAgRF18_1_GeneCatalog_genes_20131217.gff.gz,PenbrAgRF18_1.filtered_proteins.FilteredModels1.gff3.gz
Penca1,Penicillium canescens ATCC 10419 v1.0,Penca1_AssemblyScaffolds.fasta.gz,Penca1_GeneCatalog_genes_20130524.gff.gz,Penca1.filtered_proteins.FilteredModels1.gff3.gz
Pench1,Penicillium chrysogenum v1.0,Pench1_AssemblyScaffolds.fasta.gz,Pench1_GeneCatalog_genes_20120123.gff.gz,Pench1.filtered_proteins.FilteredModels1.gff3.gz
PenchWisc1_1,Penicillium chrysogenum Wisconsin 54-1255,PenchWisc1_1_AssemblyScaffolds.fasta.gz,PenchWisc1_1_GeneCatalog_genes_20140114.gff.gz,PenchWisc1_1.filtered_proteins.ExternalModels.gff3.gz
Pendi1,Penicillium digitatum PHI26,Pendi1_AssemblyScaffolds.fasta.gz,Pendi1_GeneCatalog_genes_20131020.gff.gz,Pendi1.filtered_proteins.ExternalModels.gff3.gz
Penex1,Penicillium expansum ATCC 24692 v1.0,Penex1_AssemblyScaffolds.fasta.gz,Penex1_GeneCatalog_genes_20130524.gff.gz,Penex1.filtered_proteins.FilteredModels1.gff3.gz
Penfe1,Penicillium fellutanum ATCC 48694 v1.0,Penfe1_AssemblyScaffolds.fasta.gz,Penfe1_GeneCatalog_genes_20130528.gff.gz,Penfe1.filtered_proteins.FilteredModels1.gff3.gz
Pengl1,Penicillium glabrum DAOM 239074 v1.0,Pengl1_AssemblyScaffolds.fasta.gz,Pengl1_GeneCatalog_genes_20130524.gff.gz,Pengl1.filtered_proteins.FilteredModels1.gff3.gz
Penja1,Penicillium janthinellum ATCC 10455 v1.0,Penja1_AssemblyScaffolds.fasta.gz,Penja1_GeneCatalog_genes_20140203.gff.gz,Penja1.filtered_proteins.FilteredModels1.gff3.gz
Penla1,Penicillium lanosocoeruleum ATCC 48919 v1.0,Penla1_AssemblyScaffolds.fasta.gz,Penla1_GeneCatalog_genes_20130529.gff.gz,Penla1.filtered_proteins.FilteredModels1.gff3.gz
Penox1,Penicillium oxalicum 114-2,Penox1_AssemblyScaffolds.fasta.gz,Penox1_GeneCatalog_genes_20131211.gff.gz,Penox1.filtered_proteins.ExternalModels.gff3.gz
Penra1,Penicillium raistrickii ATCC 10490 v1.0,Penra1_AssemblyScaffolds.fasta.gz,Penra1_GeneCatalog_genes_20140107.gff.gz,Penra1.filtered_proteins.FilteredModels1.gff3.gz
Perma1,Periconia macrospinosa DSE2036 v1.0,Perma1_AssemblyScaffolds.fasta.gz,Perma1_GeneCatalog_genes_20141217.gff.gz,NA
Phaal1,Phaeoacremonium aleophilum UCRPA7,Phaal1_AssemblyScaffolds.fasta.gz,Phaal1_GeneCatalog_genes_20130924.gff.gz,Phaal1.filtered_proteins.ExternalModels.gff3.gz
Phaca1,Phanerochaete carnosa HHB-10118-Sp v1.0,Phaca1_AssemblyScaffolds.fasta.gz,Phaca1_GeneCatalog_genes_20101213.gff.gz,Phaca1.filtered_proteins.FilteredModels4.gff3.gz
Phchr2,Phanerochaete chrysosporium RP-78 v2.2,Phchr2_AssemblyScaffolds.fasta.gz,Phchr2_GeneCatalog_genes_20131210.gff.gz,Phchr2.filtered_proteins.FilteredModels1.gff3.gz
Phisc1,Phialocephala scopiformis 5WS22E1 v1.0,Phisc1_AssemblyScaffolds.fasta.gz,Phisc1_GeneCatalog_genes_20150213.gff.gz,NA
Phlbr1,Phlebia brevispora HHB-7030 SS6 v1.0,Phlbr1_AssemblyScaffolds.fasta.gz,Phlbr1_GeneCatalog_genes_20110325.gff.gz,Phlbr1.filtered_proteins.FilteredModels1.gff3.gz
Phlgi1,Phlebiopsis gigantea v1.0,Phlgi1_AssemblyScaffolds.fasta.gz,Phlgi1_GeneCatalog_genes_20110614.gff.gz,Phlgi1.filtered_proteins.FilteredModels2.gff3.gz
Photr1,Phoma tracheiphila IPT5 v1.0,Photr1_AssemblyScaffolds.fasta.gz,Photr1_GeneCatalog_genes_20140424.gff.gz,Photr1.filtered_proteins.FilteredModels1.gff3.gz
Phybl2,Phycomyces blakesleeanus NRRL1555 v2.0,Phycomyces_blakesleeanus_v2_scaffolds.fasta.gz,NA,Phybl2.filtered_proteins.FilteredModels3.gff3.gz
Phycit1,Phyllosticta citriasiana v1.0,Phycit1_AssemblyScaffolds.fasta.gz,Phycit1_GeneCatalog_genes_20140925.gff.gz,NA
Picme2,Pichia membranifaciens v2.0,Picme2_AssemblyScaffolds.fasta.gz,Picme2_GeneCatalog_genes_20111110.gff.gz,Picme2.filtered_proteins.FilteredModels1.gff3.gz
Picpa1,Pichia pastoris,Picpa1_AssemblyScaffolds.fasta.gz,Picpa1_GeneCatalog_genes_20130227.gff.gz,Picpa1.filtered_proteins.ExternalModels.gff3.gz
Picst3,Pichia stipitis v2.0,pichia.AssembledScaffolds.fasta.gz,Pstipitisv2.FrozenGeneCatalog20080115.gff.gz,Picst3.filtered_proteins.GeneCatalog.gff3.gz
Pieho1_1,Piedraia hortae v1.1,Pieho1_1_AssemblyScaffolds.fasta.gz,Pieho1_1_GeneCatalog_genes_20130807.gff.gz,Pieho1_1.filtered_proteins.FilteredModels1.gff3.gz
Pilcr1,Piloderma croceum F 1598 v1.0,Pilcr1_AssemblyScaffolds.fasta.gz,Pilcr1_GeneCatalog_genes_20120328.gff.gz,Pilcr1.filtered_proteins.FilteredModels1.gff3.gz
PirE2_1,Piromyces sp. E2 v1.0,PirE2_1_AssemblyScaffolds.fasta.gz,PirE2_1_GeneCatalog_genes_20110421.gff.gz,PirE2_1.filtered_proteins.FilteredModels1.gff3.gz
Pirin1,Piriformospora indica DSM 11827 from MPI,Pirin1_AssemblyScaffolds.fasta.gz,Pirin1_GeneCatalog_genes_20111203.gff.gz,Pirin1.filtered_proteins.ExternalModels1.gff3.gz
Pismi1,Pisolithus microcarpus 441 v1.0,Pismi1_AssemblyScaffolds.fasta.gz,Pismi1_GeneCatalog_genes_20120412.gff.gz,Pismi1.filtered_proteins.FilteredModels1.gff3.gz
Pisti1,Pisolithus tinctorius Marx 270 v1.0,Pisti1_AssemblyScaffolds.fasta.gz,Pisti1_GeneCatalog_genes_20120410.gff.gz,Pisti1.filtered_proteins.FilteredModels1.gff3.gz
Plecu1,Plectosphaerella cucumerina DS2psM2a2 v1.0,Plecu1_AssemblyScaffolds.fasta.gz,Plecu1_GeneCatalog_genes_20150512.gff.gz,NA
PleosPC15_2,Pleurotus ostreatus PC15 v2.0,PleosPC15_2_Assembly_scaffolds.fasta.gz,NA,PleosPC15_2.filtered_proteins.FilteredModels1.gff3.gz
PleosPC9_1,Pleurotus ostreatus PC9 v1.0,PleosPC9_1_Assembly_scaffolds.fasta.gz,NA,PleosPC9_1.filtered_proteins.Filteredmodels2.gff3.gz
Plesi1,Pleomassaria siparia v1.0,Plesi1_AssemblyScaffolds.fasta.gz,Plesi1_GeneCatalog_genes_20130603.gff.gz,Plesi1.filtered_proteins.FilteredModels1.gff3.gz
Plicr1,Plicaturopsis crispa v1.0,Plicr1_AssemblyScaffolds.fasta.gz,Plicr1_GeneCatalog_genes_20111115.gff.gz,Plicr1.filtered_proteins.FilteredModels1.gff3.gz
Pneji1,Pneumocystis jirovecii,Pneji1_AssemblyScaffolds.fasta.gz,Pneji1_GeneCatalog_genes_20130607.gff.gz,Pneji1.filtered_proteins.ExternalModels.gff3.gz
Podan2,Podospora anserina S mat+,Podan2_AssemblyScaffolds.fasta.gz,Podan2_GeneCatalog_genes_20140114.gff.gz,Podan2.filtered_proteins.GenoscopeModels.gff3.gz
Polar1,Polyporus arcularius v1.0,Polar1_AssemblyScaffolds.fasta.gz,Polar1_GeneCatalog_genes_20130201.gff.gz,Polar1.filtered_proteins.FilteredModels1.gff3.gz
Polbr1,Polyporus brumalis BRFM 1820 v1.0,Polbr1_AssemblyScaffolds.fasta.gz,Polbr1_GeneCatalog_genes_20150501.gff.gz,NA
Polci1,Polychaeton citri v1.0,Polci1_AssemblyScaffolds.fasta.gz,Polci1_GeneCatalog_genes_20130311.gff.gz,Polci1.filtered_proteins.FilteredModels1.gff3.gz
Polfu1,Polyplosphaeria fusca CBS 125425 v1.0,Polfu1_AssemblyScaffolds.fasta.gz,Polfu1_GeneCatalog_genes_20140813.gff.gz,NA
Pospl1,NA,NA,Pospl1.filtered_proteins.FrozenGeneCatalog_20090305.gff3.gz,
PosplRSB12_1,Postia placenta MAD-698-R-SB12 v1.0,PosplRSB12_1_AssemblyScaffolds.fasta.gz,PosplRSB12_1_GeneCatalog_genes_20111103.gff.gz,PosplRSB12_1.filtered_proteins.FilteredModels1.gff3.gz
Psean1_1,Pseudozyma antarctica T-34,Psean1_1_AssemblyScaffolds.fasta.gz,Psean1_1_GeneCatalog_genes_20140109.gff.gz,Psean1_1.filtered_proteins.ExternalModels.gff3.gz
Psehu1,Pseudozyma hubeiensis SY62,Psehu1_AssemblyScaffolds.fasta.gz,Psehu1_GeneCatalog_genes_20130926.gff.gz,Psehu1.filtered_proteins.ExternalModels.gff3.gz
Psehy1,Pseudovirgaria hyperparasitica CBS 121739 v1.0,Psehy1_AssemblyScaffolds.fasta.gz,Psehy1_GeneCatalog_genes_20140829.gff.gz,NA
Pucgr1,Puccinia graminis,Puccinia_graminis.unmasked.fasta.gz,NA,Pucgr1.filtered_proteins.BroadModels1.gff3.gz
Pucst1,Puccinia striiformis f. sp. tritici PST-130 ,Pucst1_AssemblyScaffolds.fasta.gz,Pucst1_GeneCatalog_genes_20130920.gff.gz,Pucst1.filtered_proteins.ExternalModels.gff3.gz
Punst1,Punctularia strigosozonata v1.0,Punst1_AssemblyScaffolds.fasta.gz,Punst1_GeneCatalog_genes_20101026.gff.gz,Punst1.filtered_proteins.FilteredModels1.gff3.gz
Pycci1,Pycnoporus cinnabarinus BRFM 137,Pycci1_AssemblyScaffolds.fasta.gz,Pycci1_GeneCatalog_genes_20140109.gff.gz,Pycci1.filtered_proteins.ExternalModels.gff3.gz
Pycco1,Pycnoporus coccineus BRFM 310 v1.0,Pycco1_AssemblyScaffolds.fasta.gz,Pycco1_GeneCatalog_genes_20140114.gff.gz,NA
Pycco1662_1,Pycnoporus coccineus CIRM1662,Pycco1662_1_AssemblyScaffolds.fasta.gz,Pycco1662_1_GeneCatalog_genes_20140607.gff.gz,Pycco1662_1.filtered_proteins.FilteredModels1.gff3.gz
Pycsa1,Pycnoporus sanguineus BRFM 1264 v1.0,Pycsa1_AssemblyScaffolds.fasta.gz,Pycsa1_GeneCatalog_genes_20140123.gff.gz,NA
Pyrco1,Pyronema confluens CBS100304,Pyrco1_AssemblyScaffolds.fasta.gz,Pyrco1_GeneCatalog_genes_20131110.gff.gz,Pyrco1.filtered_proteins.ExternalModels.gff3.gz
Pyrsp1,Pyrenochaeta sp. DS3sAY3a v1.0,Pyrsp1_AssemblyScaffolds.fasta.gz,Pyrsp1_GeneCatalog_genes_20141006.gff.gz,NA
Pyrtr1,Pyrenophora tritici-repentis,Pyrenophora_tritici_repentis_unmasked_assembly.fasta.gz,NA,Pyrtr1.filtered_proteins.broadModels.gff3.gz
Pyrtt1,Pyrenophora teres f. teres,Pyrtt1_AssemblyScaffolds.fasta.gz,Pyrtt1_GeneCatalog_genes_20110408.gff.gz,Pyrtt1.filtered_proteins.ExternalModels.gff3.gz
Ramac1,Ramaria rubella (R. acris) UT-36052-T v1.0,Ramac1_AssemblyScaffolds.fasta.gz,Ramac1_GeneCatalog_genes_20140310.gff.gz,Ramac1.filtered_proteins.FilteredModels5.gff3.gz
Rambr1,Ramicandelaber brevisporus CBS 109374 v1.0,Rambr1_AssemblyScaffolds.fasta.gz,Rambr1_GeneCatalog_genes_20140929.gff.gz,NA
Rhich1,Rhizopus microsporus var. chinensis CCTCC M201021,Rhich1_AssemblyScaffolds.fasta.gz,Rhich1_GeneCatalog_genes_20131210.gff.gz,Rhich1.filtered_proteins.ExternalModels.gff3.gz
Rhier1,Rhizoscyphus ericae UAMH 7357 v1.0,Rhier1_AssemblyScaffolds.fasta.gz,Rhier1_GeneCatalog_genes_20141012.gff.gz,NA
Rhili1,Rhizodiscina lignyota CBS 133067 v1.0,Rhili1_AssemblyScaffolds.fasta.gz,Rhili1_GeneCatalog_genes_20150422.gff.gz,NA
Rhimi1_1,Rhizopus microsporus var. microsporus ATCC52813 v1.0,Rhimi1_1_AssemblyScaffolds.fasta.gz,Rhimi1_1_GeneCatalog_genes_20130624.gff.gz,Rhimi1_1.filtered_proteins.FilteredModels2.gff3.gz
Rhimi_ATCC11559_1,Rhizopus microsporus ATCC11559 v1.0,Rhimi_ATCC11559_1_AssemblyScaffolds.fasta.gz,Rhimi_ATCC11559_1_GeneCatalog_genes_20150408.gff.gz,NA
Rhimi_ATCC52814_1,Rhizopus microsporus var. microsporus ATCC52814 v1.0,Rhimi_ATCC52814_1_AssemblyScaffolds.fasta.gz,Rhimi_ATCC52814_1_GeneCatalog_genes_20150309.gff.gz,NA
Rhior3,Rhizopus oryzae 99-880 from Broad,Rhior3_scaffolds.fasta.gz,NA,Rhior3.filtered_proteins.BroadGene.gff3.gz
Rhisa1,Rhizopogon salebrosus TDB-379 v1.0,Rhisa1_AssemblyScaffolds.fasta.gz,Rhisa1_GeneCatalog_genes_20141012.gff.gz,NA
Rhiso1,Rhizoctonia solani AG-1 IB,Rhiso1_AssemblyScaffolds.fasta.gz,Rhiso1_GeneCatalog_genes_20131028.gff.gz,Rhiso1.filtered_proteins.ExternalModels.gff3.gz
Rhivi1,Rhizopogon vinicolor AM-OR11-026 v1.0,Rhivi1_AssemblyScaffolds.fasta.gz,Rhivi1_GeneCatalog_genes_20140605.gff.gz,Rhivi1.filtered_proteins.FilteredModels1.gff3.gz
Rhoba1_1,Rhodotorula graminis strain WP1 v1.1,Rhoba1_1_AssemblyScaffolds.fasta.gz,Rhoba1_1_GeneCatalog_genes_20100913.gff.gz,Rhoba1_1.filtered_proteins.FilteredModels2.gff3.gz
Rhodsp1,Microstromatales sp. MCA 4718 v1.0,Rhodsp1_AssemblyScaffolds.fasta.gz,Rhodsp1_GeneCatalog_genes_20150111.gff.gz,NA
Rhomi1,Rhodotorula minuta MCA 4210 v1.0,Rhomi1_MitoScaffolds.fasta.gz,Rhomi1_GeneCatalog_genes_20140320.gff.gz,Rhomi1.filtered_proteins.FilteredModels1.gff3.gz
Rhosp1,Rhodotorula sp. JG-1b,Rhosp1_AssemblyScaffolds.fasta.gz,Rhosp1_GeneCatalog_genes_20140409.gff.gz,NA
Rhoto1,Rhodosporidium toruloides NP11,Rhoto1_AssemblyScaffolds.fasta.gz,Rhoto1_GeneCatalog_genes_20141208.gff.gz,NA
Rhyru1_1,Rhytidhysteron rufulum,Rhyru1_1_AssemblyScaffolds.fasta.gz,Rhyru1_1_GeneCatalog_genes_20150204.gff.gz,NA
Ricme1,Peniophora aff. cinerea v1.0,Ricme1_AssemblyScaffolds.fasta.gz,Ricme1_GeneCatalog_genes_20130412.gff.gz,Ricme1.filtered_proteins.FilteredModels1.gff3.gz
Rozal1_1,Rozella allomycis CSF55,Rozal1_1_AssemblyScaffolds.fasta.gz,Rozal1_1_GeneCatalog_genes_20140111.gff.gz,Rozal1_1.filtered_proteins.ExternalModels.gff3.gz
Rutfi1,Rutstroemia firma CBS 115.86 v1.0,Rutfi1_AssemblyScaffolds.fasta.gz,Rutfi1_GeneCatalog_genes_20150501.gff.gz,NA
Sacce1,Saccharomyces cerevisiae S288C,Sacce1_AssemblyScaffolds.fasta.gz,Sacce1_GeneCatalog_genes_20101210.gff.gz,Sacce1.filtered_proteins.ExternalModels.gff3.gz
SacceM3707_1,Saccharomyces cerevisiae M3707 Dikaryon,SacceM3707_1_AssemblyScaffolds.fasta.gz,SacceM3707_1_GeneCatalog_genes_20120712.gff.gz,SacceM3707_1.filtered_proteins.FilteredModels1.gff3.gz
SacceM3836_1,Saccharomyces cerevisiae M3836 v1.0,SacceM3836_1_AssemblyScaffolds.fasta.gz,SacceM3836_1_GeneCatalog_genes_20120712.gff.gz,SacceM3836_1.filtered_proteins.FilteredModels1.gff3.gz
SacceM3837_1,Saccharomyces cerevisiae M3837 v1.0,SacceM3837_1_AssemblyScaffolds.fasta.gz,SacceM3837_1_GeneCatalog_genes_20120713.gff.gz,SacceM3837_1.filtered_proteins.FilteredModels1.gff3.gz
SacceM3838_1,Saccharomyces cerevisiae M3838 v1.0,SacceM3838_1_AssemblyScaffolds.fasta.gz,SacceM3838_1_GeneCatalog_genes_20120714.gff.gz,SacceM3838_1.filtered_proteins.FilteredModels1.gff3.gz
SacceM3839_1,Saccharomyces cerevisiae M3839 v1.0,SacceM3839_1_AssemblyScaffolds.fasta.gz,SacceM3839_1_GeneCatalog_genes_20120714.gff.gz,SacceM3839_1.filtered_proteins.FilteredModels1.gff3.gz
SacceYB210_1,Saccharomyces cerevisiae YB210 Standard Draft,SacceYB210_1_AssemblyScaffolds.fasta.gz,SacceYB210_1_GeneCatalog_genes_20130329.gff.gz,SacceYB210_1.filtered_proteins.FilteredModels1.gff3.gz
Sacpr1,Saccharata proteae CBS 121410 v1.0,Sacpr1_AssemblyScaffolds.fasta.gz,Sacpr1_GeneCatalog_genes_20140222.gff.gz,Sacpr1.filtered_proteins.FilteredModels1.gff3.gz
Saico1,Saitoella complicata NRRL Y-17804 v1.0,Saico1_AssemblyScaffolds.fasta.gz,Saico1_GeneCatalog_genes_20110913.gff.gz,Saico1.filtered_proteins.FilteredModels1.gff3.gz
Sarco1,Sarcoscypha coccinea ATCC 58028 v1.0,Sarco1_AssemblyScaffolds.fasta.gz,Sarco1_GeneCatalog_genes_20150213.gff.gz,NA
Schco3,Schizophyllum commune H4-8 v3.0,Schco3_AssemblyScaffolds.fasta.gz,Schco3_GeneCatalog_genes_20130812.gff.gz,Schco3.filtered_proteins.FilteredModels1.gff3.gz
Schco_LoeD_1,Schizophyllum commune Loenen D v1.0,Schco_LoeD_1_AssemblyScaffolds.fasta.gz,Schco_LoeD_1_GeneCatalog_genes_20130531.gff.gz,Schco_LoeD_1.filtered_proteins.FilteredModels2.gff3.gz
Schco_TatD_1,Schizophyllum commune Tattone D v1.0,Schco_TatD_1_AssemblyScaffolds.fasta.gz,Schco_TatD_1_GeneCatalog_genes_20130515.gff.gz,Schco_TatD_1.filtered_proteins.FilteredModels1.gff3.gz
Schcy1,Schizosaccharomyces cryophilus OY26,Schcy1_AssemblyScaffolds.fasta.gz,Schcy1_GeneCatalog_genes_20131210.gff.gz,Schcy1.filtered_proteins.BroadModels.gff3.gz
Schja1,Schizosaccharomyces japonicus yFS275,Schja1_AssemblyScaffolds.fasta.gz,Schja1_GeneCatalog_genes_20131031.gff.gz,Schja1.filtered_proteins.BroadModels.gff3.gz
Schoc1,Schizosaccharomyces octosporus yFS286,Schoc1_AssemblyScaffolds.fasta.gz,Schoc1_GeneCatalog_genes_20131210.gff.gz,Schoc1.filtered_proteins.BroadModels.gff3.gz
Schpa1,Schizopora paradoxa KUC8140 v1.0,Schpa1_AssemblyScaffolds.fasta.gz,Schpa1_GeneCatalog_genes_20131225.gff.gz,Schpa1.filtered_proteins.FilteredModels1.gff3.gz
Schpo1,Schizosaccharomyces pombe,Schpo1_AssemblyScaffolds.fasta.gz,Schpo1_GeneCatalog_genes_20130111.gff.gz,Schpo1.filtered_proteins.ExternalModels.gff3.gz
Sclci1,Scleroderma citrinum Foug A v1.0,Sclci1_AssemblyScaffolds.fasta.gz,Sclci1_GeneCatalog_genes_20120626.gff.gz,Sclci1.filtered_proteins.FilteredModels1.gff3.gz
Sclsc1,Sclerotinia sclerotiorum v1.0,Sclsc1_AssemblyScaffolds.fasta.gz,Sclsc1_GeneCatalog_genes_20110903.gff.gz,Sclsc1.filtered_proteins.ExternalModels.gff3.gz
Sebve1,Sebacina vermifera MAFF 305830 v1.0,Sebve1_AssemblyScaffolds.fasta.gz,Sebve1_GeneCatalog_genes_20120626.gff.gz,Sebve1.filtered_proteins.FilteredModels1.gff3.gz
Sepmu1,Septoria musiva SO2202 v1.0,Sepmu1_AssemblyScaffolds.fasta.gz,Sepmu1_GeneCatalog_genes_20100915.gff.gz,Sepmu1.filtered_proteins.FilteredModels1.gff3.gz
Seppo1,Septoria populicola v1.0,Seppo1_AssemblyScaffolds.fasta.gz,Seppo1_GeneCatalog_genes_20110720.gff.gz,Seppo1.filtered_proteins.FilteredModels1.gff3.gz
Sepsp1,Septobasidium sp. PNB30-8B v1.0,Sepsp1_AssemblyScaffolds.fasta.gz,Sepsp1_GeneCatalog_genes_20150424.gff.gz,NA
SerlaS7_3_2,Serpula lacrymans S7.3 v2.0,Serpula_lacrymans_S7_3_v2.unmasked.fasta.gz,NA,SerlaS7_3_2.filtered_proteins.FilteredModels1.gff3.gz
SerlaS7_9_2,Serpula lacrymans S7.9 v2.0,SerlaS7_9_2_AssemblyScaffolds.fasta.gz,SerlaS7_9_2_GeneCatalog_genes_20120319.gff.gz,SerlaS7_9_2.filtered_proteins.FilteredModels1.gff3.gz
Serla_varsha1,Serpula lacrymans var shastensis SHA21-2 v1.0,Serla_varsha1_AssemblyScaffolds.fasta.gz,Serla_varsha1_GeneCatalog_genes_20110916.gff.gz,Serla_varsha1.filtered_proteins.FilteredModels1.gff3.gz
Setho1,Setomelanomma holmii CBS 110217 v1.0,Setho1_AssemblyScaffolds.fasta.gz,Setho1_GeneCatalog_genes_20150424.gff.gz,NA
Settu1,Setosphaeria turcica Et28A v1.0,Settu1_AssemblyScaffolds.fasta.gz,Settu1_GeneCatalog_genes_20110305.gff.gz,Settu1.filtered_proteins.FilteredModels1.gff3.gz
Sisbr1,Lentinus tigrinus v1.0,Sisbr1_AssemblyScaffolds.fasta.gz,Sisbr1_GeneCatalog_genes_20130805.gff.gz,Sisbr1.filtered_proteins.FilteredModels1.gff3.gz
Sisni1,Sistotremastrum niveocremeum HHB9708 ss-1 1.0,Sisni1_AssemblyScaffolds.fasta.gz,Sisni1_GeneCatalog_genes_20130806.gff.gz,Sisni1.filtered_proteins.FilteredModels1.gff3.gz
Sissu1,Sistotremastrum suecicum v1.0,Sissu1_AssemblyScaffolds.fasta.gz,Sissu1_GeneCatalog_genes_20130130.gff.gz,Sissu1.filtered_proteins.FilteredModels1.gff3.gz
Sodal1,Sodiomyces alkalinus v1.0,Sodal1_AssemblyScaffolds.fasta.gz,Sodal1_GeneCatalog_genes_20130716.gff.gz,NA
Spapa3,Spathaspora passalidarum NRRL Y-27907 v2.0,Spapa3_genomic_scaffolds.fasta.gz,NA,Spapa3.filtered_proteins.FilteredModels1.gff3.gz
Sphst1,Sphaerobolus stellatus v1.0,Sphst1_AssemblyScaffolds.fasta.gz,Sphst1_GeneCatalog_genes_20120430.gff.gz,Sphst1.filtered_proteins.FilteredModels1.gff3.gz
Spofi1,Sporormia fimetaria v1.0,Spofi1.draft.mito.scaffolds.fasta.gz,Spofi1_GeneCatalog_genes_20130818.gff.gz,Spofi1.filtered_proteins.FilteredModels1.gff3.gz
Spoli1,Sporobolomyces linderae CBS 7893 v1.0,Spoli1_MitoScaffolds.fasta.gz,Spoli1_GeneCatalog_genes_20140310.gff.gz,Spoli1.filtered_proteins.FilteredModels1.gff3.gz
Spore1,Sporisorium reilianum SRZ2,Spore1_AssemblyScaffolds.fasta.gz,Spore1_GeneCatalog_genes_20131031.gff.gz,Spore1.filtered_proteins.ExternalModels.gff3.gz
Sporo1,NA,NA,Sporo1.filtered_proteins.FilteredModels1.gff3.gz,
Spoth2,Myceliophthora thermophila (Sporotrichum thermophile) v2.0,Spoth2_AssemblyScaffolds.fasta.gz,Spoth2_GeneCatalog_genes_20101221.gff.gz,Spoth2.filtered_proteins.FilteredModels2.gff3.gz
Stagr1,Stanjemonium grisellum CBS 655.79 v1.0,Stagr1_AssemblyScaffolds.fasta.gz,Stagr1_GeneCatalog_genes_20141015.gff.gz,NA
Stano2,Stagonospora nodorum SN15 v2.0,Stano2_AssemblyScaffolds.fasta.gz,Stano2_GeneCatalog_genes_20110506.gff.gz,Stano2.filtered_proteins.ExternalModels.gff3.gz
Stasp1,Stagonospora sp. SRC1lsM3a v1.0,Stasp1_AssemblyScaffolds.fasta.gz,Stasp1_GeneCatalog_genes_20141004.gff.gz,NA
Stehi1,Stereum hirsutum FP-91666 SS1 v1.0,Stehi1_AssemblyScaffolds.fasta.gz,Stehi1_GeneCatalog_genes_20101026.gff.gz,Stehi1.filtered_proteins.FilteredModels1.gff3.gz
Suibr1,Suillus brevipes v1.0,Suibr1_AssemblyScaffolds.fasta.gz,Suibr1_GeneCatalog_genes_20130323.gff.gz,Suibr1.filtered_proteins.FilteredModels1.gff3.gz
Suigr1,Suillus granulatus EM37 v1.0,Suigr1_AssemblyScaffolds.fasta.gz,Suigr1_GeneCatalog_genes_20150504.gff3.gz,NA
Suihi1,Suillus hirtellus EM16 v1.0,Suihi1_AssemblyScaffolds.fasta.gz,Suihi1_GeneCatalog_genes_20150416.gff3.gz,NA
Suilu1,Suillus luteus UH-Slu-Lm8-n1 v1.0,Suilu1_AssemblyScaffolds.fasta.gz,Suilu1_GeneCatalog_genes_20121001.gff.gz,Suilu1.filtered_proteins.FilteredModels1.gff3.gz
Symat1,Sympodiomyces attinorum NRRL Y-27639 v1.0,Symat1_AssemblyScaffolds.fasta.gz,Symat1_GeneCatalog_genes_20150304.gff.gz,NA
Symko1,Symbiotaphrina kochii v1.0,Symko1_AssemblyScaffolds.fasta.gz,Symko1_GeneCatalog_genes_20121126.gff.gz,Symko1.filtered_proteins.FilteredModels2.gff3.gz
Talma1_2,Talaromyces marneffei ATCC 18224,Talma1_2_AssemblyScaffolds.fasta.gz,Talma1_2_GeneCatalog_genes_20140114.gff.gz,Talma1_2.filtered_proteins.ExternalModels.gff3.gz
Talst1_2,Talaromyces stipitatus ATCC 10500,Talst1_2_AssemblyScaffolds.fasta.gz,Talst1_2_GeneCatalog_genes_20140114.gff.gz,Talst1_2.filtered_proteins.JCVIModels.gff3.gz
Tapde1_1,Taphrina deformans,Tapde1_1_AssemblyScaffolds.fasta.gz,Tapde1_1_GeneCatalog_genes_20130601.gff.gz,Tapde1_1.filtered_proteins.ExternalModels.gff3.gz
Terbo2,Terfezia boudieri ATCC MYA-4762 v1.1,Terbo2_AssemblyScaffolds.fasta.gz,Terbo2_GeneCatalog_genes_20141124.gff.gz,NA
Ternu1,Teratosphaeria nubilosa CBS 116005 v1.0,Ternu1_AssemblyScaffolds.fasta.gz,Ternu1_GeneCatalog_genes_20140925.gff.gz,NA
Tescy1,Testicularia cyperi MCA 3645 v1.0,Tescy1_AssemblyScaffolds.fasta.gz,Tescy1_GeneCatalog_genes_20150113.gff.gz,NA
Theau1,Thermoascus aurantiacus v1.0,Theau1_AssemblyScaffolds.fasta.gz,Theau1_GeneCatalog_genes_20120830.gff.gz,Theau1.filtered_proteins.FilteredModels1.gff3.gz
Thega1,Thelephora ganbajun P2 v1.0,Thega1_AssemblyScaffolds.fasta.gz,Thega1_GeneCatalog_genes_20150318.gff.gz,NA
Themi1,Thelebolus microsporus ATCC 90970 v1.0,Themi1_AssemblyScaffolds.fasta.gz,Themi1_GeneCatalog_genes_20141205.gff.gz,NA
Thian1,Thielavia antarctica CBS 123565 v1.0,Thian1_AssemblyScaffolds.fasta.gz,Thian1_GeneCatalog_genes_20140328.gff.gz,Thian1.filtered_proteins.FilteredModels2.gff3.gz
Thiap1,Thielavia appendiculata CBS 731.68 v1.0,Thiap1_AssemblyScaffolds.fasta.gz,Thiap1_GeneCatalog_genes_20140116.gff.gz,Thiap1.filtered_proteins.FilteredModels1.gff3.gz
Thiar1,Thielavia arenaria CBS 508.74 v1.0,Thiar1_AssemblyScaffolds.fasta.gz,Thiar1_GeneCatalog_genes_20131210.gff.gz,Thiar1.filtered_proteins.FilteredModels1.gff3.gz
Thihy1,Thielavia hyrcaniae CBS 757.83 v1.0,Thihy1_AssemblyScaffolds.fasta.gz,Thihy1_GeneCatalog_genes_20140109.gff.gz,Thihy1.filtered_proteins.FilteredModels1.gff3.gz
Thite2,Thielavia terrestris v2.0,Thite2_AssemblyScaffolds.fasta.gz,Thite2_GeneCatalog_genes_20101221.gff.gz,Thite2.filtered_proteins.FilteredModels2.gff3.gz
ThoPMI491_1,Thozetella sp. PMI_491 v2.0,ThoPMI491_1_AssemblyScaffolds.fasta.gz,ThoPMI491_1_GeneCatalog_genes_20140726.gff.gz,NA
Tilan2,Tilletiaria anomala UBC 951 v1.0,Tilan2_AssemblyScaffolds.fasta.gz,Tilan2_GeneCatalog_genes_20140224.gff.gz,Tilan2.filtered_proteins.FilteredModels1.gff3.gz
Tilwa1,Tilletiopsis washingtonensis MCA 4186 v1.0,Tilwa1_AssemblyScaffolds.fasta.gz,Tilwa1_GeneCatalog_genes_20141225.gff.gz,NA
Torde1,Torulaspora delbrueckii CBS 1146,Torde1_AssemblyScaffolds.fasta.gz,Torde1_GeneCatalog_genes_20150128.gff.gz,NA
Torra1,Torpedospora radiata JK5252C v1.0,Torra1_AssemblyScaffolds.fasta.gz,Torra1_GeneCatalog_genes_20150428.gff.gz,NA
Totfu1,Tothia fuscella CBS 130266 v1.0,Totfu1_AssemblyScaffolds.fasta.gz,Totfu1_GeneCatalog_genes_20140831.gff.gz,NA
Trace1,Trametopsis cervina CIRM-BRFM 1824 v1.0,Trace1_AssemblyScaffolds.fasta.gz,Trace1_GeneCatalog_genes_20150503.gff.gz,NA
Traci1,Trametes cingulata BRFM 1805 v1.0,Traci1_AssemblyScaffolds.fasta.gz,Traci1_GeneCatalog_genes_20150209.gff.gz,NA
Tralj1,Trametes ljubarskyi CIRM1659 v1.0,Tralj1_AssemblyScaffolds.fasta.gz,Tralj1_GeneCatalog_genes_20140625.gff.gz,Tralj1.filtered_proteins.FilteredModels1.gff3.gz
Trave1,Trametes versicolor v1.0,Trave1_AssemblyScaffolds.fasta.gz,Trave1_GeneCatalog_genes_20101111.gff.gz,Trave1.filtered_proteins.FilteredModels1.gff3.gz
Treme1,Tremella mesenterica Fries v1.0,Treme1_genomic_scaffolds.fasta.gz,NA,Treme1.filtered_proteins.FilteredModels1.gff3.gz
Trepe1,Trematosphaeria pertusa CBS 122368 v1.0,Trepe1_AssemblyScaffolds.fasta.gz,Trepe1_GeneCatalog_genes_20140415.gff.gz,Trepe1.filtered_proteins.FilteredModels1.gff3.gz
Triab1_1,Trichaptum abietinum v1.0,Triab1_1_AssemblyScaffolds.fasta.gz,Triab1_1_GeneCatalog_genes_20130513.gff.gz,NA
Trias1,Trichoderma asperellum CBS 433.97 v1.0,Trias1_AssemblyScaffolds.fasta.gz,Trias1_GeneCatalog_genes_20120305.gff.gz,Trias1.filtered_proteins.FilteredModels1.gff3.gz
Triat2,Trichoderma atroviride v2.0,Trichoderma_atroviride_v2_AssemblyScaffolds.fasta.gz,Tatroviridev2_FrozenGeneCatalog_20100319.gff3.gz,Triat2.filtered_proteins.FilteredModels1.gff3.gz
Tribi1,Trichodelitschia bisporula CBS 262.69 v1.0,Tribi1_AssemblyScaffolds.fasta.gz,Tribi1_GeneCatalog_genes_20141117.gff.gz,NA
Trich1,Trichosporon chiarellii MYA-4694 v1.0,Trich1_AssemblyScaffolds.fasta.gz,Trich1_GeneCatalog_genes_20150114.gff.gz,NA
Trici4,Trichoderma citrinoviride v4.0,Trici4_AssemblyScaffolds.fasta.gz,Trici4_GeneCatalog_genes_20131015.gff.gz,Trici4.filtered_proteins.FilteredModels1.gff3.gz
Trigu1,Trinosporium guianense CBS132537 v1.0,Trigu1_AssemblyScaffolds.fasta.gz,Trigu1_GeneCatalog_genes_20141217.gff.gz,NA
Triha1,Trichoderma harzianum CBS 226.95 v1.0,Triha1_AssemblyScaffolds.fasta.gz,Triha1_GeneCatalog_genes_20120306.gff.gz,Triha1.filtered_proteins.FilteredModels1.gff3.gz
Trilo3,Trichoderma longibrachiatum ATCC 18648 v3.0,Trilo3_AssemblyScaffolds.fasta.gz,Trilo3_GeneCatalog_genes_20130918.gff.gz,Trilo3.filtered_proteins.FilteredModels1.gff3.gz
Trima3,Tricholoma matsutake 945 v3.0,Trima3_AssemblyScaffolds.fasta.gz,Trima3_GeneCatalog_genes_20130329.gff.gz,Trima3.filtered_proteins.FilteredModels2.gff3.gz
Triol1,Trichosporon oleaginosus IBC0246 v1.0,Triol1_AssemblyScaffolds.fasta.gz,Triol1_GeneCatalog_genes_20140430.gff.gz,Triol1.filtered_proteins.FilteredModels1.gff3.gz
Tripe1,Trichomonascus petasosporus NRRL YB-2093 v1.0,Tripe1_AssemblyScaffolds.fasta.gz,Tripe1_GeneCatalog_genes_20150117.gff.gz,NA
Trire2,Trichoderma reesei v2.0,Trichoderma_reeseiV2.AssembledScaffolds.fasta.gz,TreeseiV2_FrozenGeneCatalog20081022.gff.gz,Trire2.filtered_proteins.FrozenGeneCatalog20081022.gff3.gz
TrireRUTC30_1,Trichoderma reesei RUT C-30 v1.0,TrireRUTC30_1_AssemblyScaffolds.fasta.gz,TrireRUTC30_1_GeneCatalog_genes_20110526.gff.gz,TrireRUTC30_1.filtered_proteins.FilteredModels1.gff3.gz
Triru1,Trichophyton rubrum CBS 118892,Triru1_AssemblyScaffolds.fasta.gz,Triru1_GeneCatalog_genes_20130826.gff.gz,Triru1.filtered_proteins.BroadModels.gff3.gz
Trisp1,Tritirachium sp. CBS 265.96 v1.0,Trisp1_AssemblyScaffolds.fasta.gz,Trisp1_GeneCatalog_genes_20140301.gff.gz,Trisp1.filtered_proteins.FilteredModels1.gff3.gz
Triver1,Trichophyton verrucosum HKI 0517,Triver1_AssemblyScaffolds.fasta.gz,Triver1_GeneCatalog_genes_20131203.gff.gz,Triver1.filtered_proteins.ExternalModels.gff3.gz
TriviGv29_8_2,Trichoderma virens Gv29-8 v2.0,Trichoderma_virens_v2.AssembledScaffolds.fasta.gz,Tvirens_v2.FrozenGeneCatalog_20100318.gff.gz,TriviGv29_8_2.filtered_proteins.FilteredModels1.gff3.gz
Tryvi1,Trypethelium eluteriae v1.0,Tryvi1_AssemblyScaffolds.fasta.gz,Tryvi1_GeneCatalog_genes_20130617.gff.gz,Tryvi1.filtered_proteins.FilteredModels1.gff3.gz
Tubme1,Tuber melanosporum from Genoscope,Tubme1_AssemblyScaffolds.fasta.gz,Tubme1_GeneCatalog_genes_20111120.gff.gz,Tubme1.filtered_proteins.Genoscope_genes.gff3.gz
Tulca1,Tulasnella calospora AL13/4D v1.0,Tulca1_AssemblyScaffolds.fasta.gz,Tulca1_GeneCatalog_genes_20120608.gff.gz,Tulca1.filtered_proteins.FilteredModels1.gff3.gz
Umbra1,Umbelopsis ramanniana AG # v1.0,Umbra1_AssemblyScaffolds.fasta.gz,Umbra1_GeneCatalog_genes_20121109.gff.gz,Umbra1.filtered_proteins.FilteredModels1.gff3.gz
Uncre1,Uncinocarpus reesii 1704,Uncre1_AssemblyScaffolds.fasta.gz,Uncre1_GeneCatalog_genes_20131024.gff.gz,Uncre1.filtered_proteins.BroadModels.gff3.gz
Ustma1,NA,NA,Ustma1.filtered_proteins.BroadModels1.gff3.gz,
Ustsp1,Ustilaginomycotina sp. SA 807 v1.0,Ustsp1_AssemblyScaffolds.fasta.gz,Ustsp1_GeneCatalog_genes_20150106.gff.gz,NA
Valla1,Valetoniellopsis laxa CBS 191.97 v1.0,Valla1_AssemblyScaffolds.fasta.gz,Valla1_GeneCatalog_genes_20141003.gff.gz,NA
Venin1,Venturia inaequalis,Venin1_AssemblyScaffolds.fasta.gz,Venin1_GeneCatalog_genes_20141010.gff.gz,NA
Venpi1,Venturia pirina,Venpi1_AssemblyScaffolds.fasta.gz,Venpi1_GeneCatalog_genes_20150407.gff.gz,NA
Veral1,Verticillium alfalfae VaMs.102,Veral1_AssemblyScaffolds.fasta.gz,Veral1_GeneCatalog_genes_20131030.gff.gz,Veral1.filtered_proteins.BroadModels.gff3.gz
Verda1,Verticillium dahliae v1.0,Verda1_AssemblyScaffolds.fasta.gz,Verda1_GeneCatalog_genes_20110524.gff.gz,Verda1.filtered_proteins.ExternalModels.gff3.gz
Veren1,Verruculina enalia CBS 304.66 v1.0,Veren1_AssemblyScaffolds.fasta.gz,Veren1_GeneCatalog_genes_20140626.gff.gz,Veren1.filtered_proteins.FilteredModels1.gff3.gz
Volvo1,Volvariella volvacea V23,Volvo1_AssemblyScaffolds.fasta.gz,Volvo1_GeneCatalog_genes_20130703.gff.gz,Volvo1.filtered_proteins.ExternalModels.gff3.gz
Walic1,Wallemia ichthyophaga EXF-994,Walic1_AssemblyScaffolds.fasta.gz,Walic1_GeneCatalog_genes_20131017.gff.gz,Walic1.filtered_proteins.ExternalModels.gff3.gz
Walse1,Wallemia sebi v1.0,Walse1_AssemblyScaffolds.fasta.gz,Walse1_GeneCatalog_genes_20100910.gff.gz,Walse1.filtered_proteins.FilteredModels2.gff3.gz
Wesor1,Westerdykella ornata CBS 379.55 v1.0,Wesor1_AssemblyScaffolds.fasta.gz,Wesor1_GeneCatalog_genes_20140626.gff.gz,Wesor1.filtered_proteins.FilteredModels1.gff3.gz
Wican1,Wickerhamomyces anomalus NRRL Y-366-8 v1.0,Wican1_AssemblyScaffolds.fasta.gz,Wican1_GeneCatalog_genes_20110222.gff.gz,Wican1.filtered_proteins.FilteredModels1.gff3.gz
Wilmi1,Wilcoxina mikolae CBS 423.85 v1.0,Wilmi1_AssemblyScaffolds.fasta.gz,Wilmi1_GeneCatalog_genes_20130716.gff.gz,Wilmi1.filtered_proteins.FilteredModels1.gff3.gz
Wolco1,Wolfiporia cocos MD-104 SS10 v1.0,Wolco1_AssemblyScaffolds.fasta.gz,Wolco1_GeneCatalog_genes_20100915.gff.gz,Wolco1.filtered_proteins.FilteredModels2.gff3.gz
Xanpa2,Xanthoria parietina 46-1-SA22 v1.1,Xanpa2_AssemblyScaffolds.fasta.gz,Xanpa2_GeneCatalog_genes_20140928.gff.gz,NA
Xerba1,Xerocomus badius 84.06 v1.0,Xerba1_AssemblyScaffolds.fasta.gz,Xerba1_GeneCatalog_genes_20150320.gff.gz,NA
Xylhe1,Xylona heveae TC161 v1.0,Xylhe1_AssemblyScaffolds.fasta.gz,Xylhe1_GeneCatalog_genes_20130827.gff.gz,Xylhe1.filtered_proteins.FilteredModels1.gff3.gz
Yarli1,Yarrowia lipolytica (strain CLIB122),Yarli1_AssemblyScaffolds.fasta.gz,Yarli1_GeneCatalog_genes_20130122.gff.gz,Yarli1.filtered_proteins.ExternalModels.gff3.gz
Zasce1,Zasmidium cellare ATCC 36951 v1.0,Zasce1_AssemblyScaffolds.fasta.gz,Zasce1_GeneCatalog_genes_20120808.gff.gz,Zasce1.filtered_proteins.FilteredModels1.gff3.gz
Zoprh1,Zopfia rhizophila v1.0,Zoprh1_AssemblyScaffolds.fasta.gz,Zoprh1_GeneCatalog_genes_20130606.gff.gz,Zoprh1.filtered_proteins.FilteredModels1.gff3.gz
Zygro1,Zygosaccharomyces rouxii CBS732,Zygro1_AssemblyScaffolds.fasta.gz,Zygro1_GeneCatalog_genes_20150128.gff.gz,NA
Zymar1,Zymoseptoria ardabiliae STIR04_1.1.1,Zymar1_AssemblyScaffolds.fasta.gz,Zymar1_GeneCatalog_genes_20141012.gff.gz,NA
Zymps1,Zymoseptoria pseudotritici STIR04_2.2.1,Zymps1_AssemblyScaffolds.fasta.gz,Zymps1_GeneCatalog_genes_20141012.gff.gz,NA
